id,landslide_type,trigger,fatality_count,injuries,location_accuracy(km),landslide_size,distance,population,latitude,longitude
3177,5,10,11,4,1,0,2.12825,6523,41.5585,-73.402
490,15,20,0,0,0,0,215.44888,0,0.1115,113.9171
6760,5,20,10,3,1,0,199.44893,8987,52.3545,-127.698
2494,35,10,1,0,1,0,178.23706,33430,50.7053,-127.5062
6415,5,10,0,0,15,-1,176.02202,14708,53.3319,-132.4149
2493,5,10,0,0,5,0,166.44009,33430,50.4335,-127.4846
5194,15,30,0,0,5,1,151.72018,1258,61.978,-143.168
4066,15,10,3,0,5,0,146.31062,33430,50.5854,-127.0961
2505,5,10,5,1,25,-1,136.65541,33430,50.9975,-126.4039
945,15,10,2,0,25,0,131.60974,0,1.3542,116.3816
853,15,20,4,1,50,0,127.97819,47735,0.7089,107.7503
4397,5,10,0,0,15,0,127.1628,1547,60.0484,-130.9916
4073,15,10,0,0,50,1,124.84253,0,1.1346,97.5239
5751,15,10,0,0,200,1,123.43371,0,-11.6953,-71.9165
5874,15,0,0,0,1,2,120.43866,1713,58.5624,-137.0834
5624,15,0,0,0,5,-1,119.96639,4163,50.2405,-57.5886
5671,15,0,0,0,5,-1,119.96639,4163,50.2405,-57.5886
62,15,20,0,0,1,-1,119.78675,4163,50.239,-57.5866
678,35,10,0,0,25,1,115.14342,90894,25.606,96.275
6656,55,10,0,0,5,0,112.91296,90894,25.6172,96.3005
2084,15,10,0,0,25,0,111.31006,90894,25.6167,96.3167
6124,15,20,0,100,5,1,111.28858,90894,25.6157,96.3167
6108,5,20,0,0,15,-1,110.85653,1026,49.9747,-94.3946
3622,15,10,0,0,0,1,110.73707,27520,21,99
6642,45,40,6,2,0,0,109.81578,1187,-43.5586,170.1794
6639,35,0,0,0,0,1,109.59417,1187,-43.5611,170.1796
6641,45,40,0,0,0,-1,109.59034,1187,-43.5606,170.1806
6640,45,40,4,0,0,-1,108.91108,1187,-43.5698,170.1797
423,15,50,7,2,10,2,106.2834,1187,-43.7015,170.0645
6643,45,10,2,0,1,0,104.48699,1187,-43.643,170.159
2726,15,10,2,1,50,0,104.35225,77366,-19.0587,178.2123
4453,15,10,2,0,15,1,100.58319,0,-1.601,123.5476
4378,15,10,0,0,50,0,98.40115,0,28.8254,96.1517
4798,15,20,0,0,0,0,98.33608,0,28.8254,96.1509
5616,15,20,0,0,10,0,96.83548,705,-16.4724,168.2362
2552,5,10,2,0,15,0,96.70239,3322,1.8257,113.8995
6780,5,20,2,0,5,-1,96.07163,2471,51.6446,-120.0755
4557,15,10,0,0,50,0,95.0457,25000,33.303,77.8876
2591,15,60,0,0,15,1,93.5301,0,-1.8667,121.5
137,15,20,3,0,50,1,93.15652,0,-1.824,121.5179
134,15,20,2,0,50,0,86.89138,10815,38,73
4904,5,20,6,1,25,0,85.07166,3907,52.9903,-119.3106
4288,15,10,0,0,1,0,84.55444,14596,-16.7873,177.5073
6651,15,0,2,0,1,1,84.36572,1001,65.0216,-16.6849
2727,25,10,6,0,15,-1,83.92719,8360,-17.3137,179.4104
4497,15,10,0,0,5,0,83.81164,1495,32.2278,78.071
2047,15,10,13,5,50,0,82.91571,1495,32.219,78.072
5157,5,10,5,0,25,0,82.39467,0,35.9672,109.0559
3268,15,10,0,0,5,0,82.22631,5985,-39.0468,146.3552
4215,15,10,2,0,10,0,80.51285,228212,3.7122,114.1991
5814,15,10,1,0,10,0,80.43471,228212,3.7944,113.6308
5437,15,10,0,0,5,1,80.32492,33430,50.6736,-125.712
623,5,10,0,0,10,-1,79.77706,3907,53.03,-119.22
4302,15,10,0,0,5,0,78.0422,27949,-16.6872,178.7081
6134,5,20,0,0,5,-1,76.97209,2624,65.9794,-21.4541
4107,15,10,0,0,50,0,76.30415,15771,2.5871,112.5473
5491,15,10,22,0,1,0,74.22658,4428,-44.0527,169.38
5490,15,10,0,0,1,0,73.65023,4428,-44.0582,169.3808
6231,15,0,0,0,25,0,73.50303,0,36.5891,109.5249
52,15,10,0,0,5,0,73.47045,5521,37.576,72.592
4470,5,10,0,0,50,0,72.6468,9520,44.5259,-109.9704
6239,15,20,0,22,1,1,72.56652,1171633,26.9226,107.3407
6558,15,20,1,0,1,0,72.56432,1171633,26.9226,107.3407
3768,15,10,0,0,0,0,72.22765,0,30.081,101.0106
5736,15,10,0,0,0,0,72.06392,198239,2.8961,112.0786
3769,5,10,0,0,25,1,72.0353,0,30.0315,101.0144
3772,25,10,2,0,25,1,72.0353,0,30.0315,101.0144
5812,15,10,0,0,5,0,71.98423,228212,3.8355,113.7131
5456,25,20,0,0,50,1,71.4959,1347,48.5035,-120.7111
163,15,20,2,0,15,0,70.98718,126938,21.5332,94.4332
1051,15,10,0,0,50,1,70.89317,90894,26.026,97.3715
6238,15,70,0,2,50,0,70.84611,0,36.5419,109.4662
5590,15,0,0,0,1,0,70.82902,9577,43.7495,-109.9673
5058,15,10,2,0,5,1,70.56602,0,36.5851,109.4875
5093,5,20,0,0,10,-1,70.56602,0,36.5851,109.4875
1063,35,10,0,0,5,-1,70.25508,1347,48.5608,-120.7708
5310,25,10,0,0,50,1,69.96192,1347,48.5473,-120.7645
5311,25,10,0,0,50,1,69.96192,1347,48.5473,-120.7645
3708,15,10,0,0,0,0,69.92219,37475,34.1491,76.826
4457,15,20,0,0,1,0,68.59272,1706,50.0804,-116.8792
5416,25,10,0,0,1,0,68.54951,4348,45.794,-114.7613
687,15,10,1,0,50,1,68.34443,2100,35.8975,75.52
698,15,20,1,0,50,-1,67.58127,1270,38.9749,-110.15
2856,5,10,0,0,5,0,67.49967,7312,46.3611,-61.0752
2592,15,10,0,0,25,0,67.47257,47778,-0.936,122.1815
2024,15,10,0,0,15,1,67.34588,351936,25.9612,105.3409
5326,15,10,0,0,0,0,67.11064,401,47.6816,-109.7873
4313,15,10,0,0,50,0,66.76148,14927,28.4659,95.86
3871,15,10,0,0,0,0,66.45854,0,-4.193,138.1165
3314,15,10,0,0,10,-1,66.13596,2564,-21.1278,148.4224
6148,5,20,0,0,0,-1,66.07162,9520,44.4686,-109.8833
5998,5,20,0,0,5,-1,65.92069,5571,46.3428,-61.0951
6740,15,10,7,0,5,0,65.77335,19294,5.6249,117.1589
4392,15,10,0,0,10,0,65.47485,0,29.2409,95.9761
4119,15,0,0,0,15,0,65.29943,570407,1.0571,110.6565
188,15,20,0,0,5,-1,64.74594,9520,44.4659,-109.8662
4750,15,20,0,0,5,0,64.02724,56859,-32.8224,-69.9146
6526,15,100,1,0,15,0,63.81999,0,28.3466,85.0058
316,45,0,0,0,50,0,63.81953,10442,-44.7493,167.9581
3925,15,10,20,0,50,0,63.47818,7121,27.4888,93.0153
3934,15,10,0,0,5,0,62.86592,9073,28.272,83.7405
1930,15,10,1,0,50,0,62.40501,14927,28.4298,95.8776
4964,5,10,1,0,5,0,62.26908,9813,50.0023,-116.9044
6051,15,60,2,0,10,0,61.88623,9073,29.5442,81.6254
4027,15,10,1,0,5,0,61.80149,198239,2.5248,112.3254
1020,5,20,0,0,0,0,61.75306,48901,-5.0804,-45.601
664,15,10,0,0,0,0,61.58495,282431,-1.437,119.9833
4965,5,10,0,0,1,0,61.46874,1706,50.146,-116.9567
5096,15,10,0,0,5,-1,61.30122,75996,-40.1119,176.257
71,15,20,0,0,50,0,61.21328,14596,-17.56,178.25
2919,5,10,0,0,10,0,61.01695,23416,29.7415,81.2467
1084,15,10,0,0,5,0,60.8421,7121,27.7,92.8
5781,15,60,0,0,50,0,60.78938,19294,5.4204,116.7968
5493,15,10,0,0,15,1,60.73492,10442,-44.765,167.9904
3571,15,10,0,0,50,0,60.49993,0,25.1784,106.0995
5378,15,80,0,0,15,0,60.47069,9073,29.0387,82.7442
5910,15,0,0,0,5,0,60.26228,77366,-17.6231,178.2678
4756,15,20,0,0,5,0,60.02544,91136,26.6582,107.9327
4759,45,90,0,0,1,0,59.99456,91136,26.6579,107.9326
2649,15,80,0,0,25,0,59.90474,57342,19.9166,94.3761
6372,45,0,33,0,0,-1,59.36537,9520,44.4544,-109.7961
2828,15,10,1,0,5,0,59.1509,1347,48.7109,-121.1883
6516,15,60,0,0,50,0,58.95805,5427,28.6985,82.7065
3421,15,10,0,0,1,0,58.93051,61696,-40.1685,176.8242
1613,5,10,4,0,1,1,58.84724,13893,27.8997,93.3497
3906,5,10,0,0,25,0,58.78543,0,3.9081,33.8306
1046,15,100,0,0,0,0,58.68817,9073,29.7225,82.5068
2900,15,10,1,0,5,0,58.65704,2564,-21.1313,148.4943
2572,15,0,1,0,25,0,58.63636,1464,27.6291,87.9436
5250,5,20,0,0,10,0,58.34526,0,27.8837,93.0515
1741,15,10,0,0,10,0,57.69671,14596,-17.5608,178.2168
3026,15,10,0,0,5,0,57.67771,3112,45.6934,-113.9484
1937,35,10,0,0,0,0,57.4808,0,39.9854,72.9227
5453,5,10,4,0,1,0,57.40674,2868,48.3122,-120.6576
3432,15,10,0,0,1,0,56.98472,61696,-40.1513,176.8426
606,15,10,2,0,25,0,56.91338,1442271,28.18,85.11
621,5,0,2,0,5,-1,56.82665,2324,50.23,-121.58
3875,15,10,0,0,5,0,56.80704,5427,28.7014,82.6513
5492,65,10,2,0,50,0,56.79739,10442,-44.6887,168.1281
884,15,90,1,0,10,0,56.58568,47778,-1.0164,123.2918
439,15,20,0,0,15,0,56.57483,0,1.0172,122.1997
6434,25,110,0,0,0,0,56.27454,14168,52.5211,-121.599
2169,15,10,0,0,0,0,56.14398,0,35.7972,73.3185
177,15,20,105,29,0,0,56.12845,14182,32.7334,77.5914
2052,15,10,0,0,5,0,56.06982,34274,-38.2134,178.3197
5158,5,10,11,4,25,0,55.79904,0,36.5494,110.0849
6521,15,10,0,0,50,0,55.7827,5427,28.6792,82.6789
3312,15,10,2,0,5,0,55.61095,0,36.2225,72.1934
6034,15,10,2,0,5,-1,55.60925,1651,-46.7748,167.6337
1036,15,10,4,0,1,0,55.57051,4163,49.5645,-57.8946
1777,35,60,3,0,0,0,55.37397,0,29.176,97.7991
873,35,10,0,0,10,0,55.18512,0,23.89,100.0845
1652,15,10,0,0,1,0,1.5755,456456,-22.8948,-43.1127
3940,15,10,0,0,5,0,55.11378,0,28.799,82.4712
229,35,80,0,0,0,0,54.90196,6315,13.667,-84.2435
2555,15,10,0,0,25,0,54.62488,131016,22.6461,97.3193
5170,5,10,1,4,1,0,54.26564,1099,36.1184,-117.9722
4433,15,10,0,0,5,0,53.28492,9813,49.9145,-116.9155
3964,15,20,0,0,10,0,53.18462,0,28.7773,82.4728
3857,15,20,2,0,5,0,53.09678,2552,48.4944,-120.2724
5552,15,0,0,0,5,0,53.05172,223523,25.0985,94.3619
2360,15,10,3,0,25,0,52.95616,1464,27.7276,88.0446
2315,15,10,0,0,25,0,52.89631,9073,29.4605,81.682
4395,5,10,0,0,0,0,52.89049,1148,60.8228,-136.5506
6572,15,0,0,0,0,0,52.79844,285065,5.1894,102.6857
6265,15,0,2,0,0,0,52.76521,0,30.3306,98.1578
4446,15,10,0,0,5,1,52.64616,0,28.9986,94.8885
2200,25,10,0,0,5,-1,52.25966,2868,48.2719,-120.6228
3767,5,20,0,0,5,0,52.11489,4885,33.6423,-109.3279
5752,15,0,0,0,100,1,52.09053,0,35.8026,74.9832
5441,15,10,1,0,5,1,52.08889,18425,28.611,94.9829
1798,5,30,0,0,1,0,52.06368,63138,49.6603,-110.2674
2035,15,10,0,0,10,0,52.05259,44632,28.05,84.95
622,5,10,0,0,50,0,51.9675,3907,52.96,-118.82
2175,5,10,6,0,50,0,51.84125,88311,11.0029,-73.7733
4235,15,0,0,0,25,0,51.67596,1442271,28.1038,85.0548
5969,15,70,0,4,50,0,51.64464,90894,25.8509,97.4381
5124,5,10,0,0,5,0,51.55941,1271,45.0432,-110.732
4465,15,10,0,0,15,0,51.54051,4688,48.7195,-113.7188
3425,15,10,4,0,5,0,51.51564,61696,-40.1019,176.8655
5824,15,10,0,0,10,1,51.43221,60819,-22.2832,-64.2333
3853,15,10,0,0,0,0,51.27342,1073,1.5928,35.5673
3433,15,10,0,0,0,0,50.81413,1347,-39.372,176.2391
3651,5,10,0,0,25,0,50.69023,2454,55.1106,-121.7879
2337,5,10,0,0,10,0,50.6504,1099,36.0833,-117.9771
871,15,0,1,0,50,0,50.58,0,-4.5,121.729
6481,5,10,0,0,25,-1,50.43984,4354,46.8734,-121.5163
3781,15,10,0,0,5,1,50.25415,0,28.7434,82.4753
468,15,20,0,0,10,0,50.21741,7309,-0.4635,-77.8928
4475,15,20,0,0,5,0,49.74691,44632,27.9783,84.8982
1871,15,10,0,0,50,0,49.59488,13838,34.3951,75.6233
5934,5,10,0,0,5,0,49.4241,1191,46.6368,-121.3942
2554,15,10,6,0,0,0,49.3187,47920,23.9723,96.8566
2298,15,10,0,0,0,0,49.30174,2005,36.5705,75.1296
3807,15,20,0,0,10,0,49.07021,20553,33.6917,76.0412
159,5,20,0,0,5,0,49.04189,1217,60.1346,-2.0885
4924,25,10,1,0,1,2,48.96196,2000,30.7351,79.0666
2090,15,10,0,0,10,0,48.84582,44632,28.02,84.96
6159,15,60,0,2,5,0,48.70829,44632,27.9639,84.8981
3671,15,10,0,0,0,0,48.67682,2000,30.7331,79.0685
3751,15,10,0,0,25,0,48.67682,2000,30.7331,79.0685
4404,15,10,2,0,5,0,48.27049,0,24.992,105.8107
1587,15,10,8,0,5,0,48.13411,10442,-44.8454,168.1112
4431,15,10,0,0,0,1,48.13191,52005,21.7684,92.3783
866,15,10,0,0,10,1,48.10162,0,20.2947,98.9344
1857,15,10,0,0,15,0,47.92484,132842,25.3433,92.2897
2501,15,10,0,0,50,0,47.84343,3401,-38.8702,175.2785
3789,15,10,0,0,10,0,47.70679,7121,27.2743,92.9064
798,15,10,0,0,50,0,47.68123,0,31.587,78.315
2231,15,10,0,0,0,0,47.58866,0,29.4469,81.4867
5430,5,60,0,0,15,0,47.40742,223523,24.9037,93.487
2254,15,10,1,0,0,0,47.34817,0,34.8142,74.3225
4241,15,0,6,0,25,0,47.30334,223523,25.1604,93.6795
5609,15,50,1,0,1,0,47.20988,1021,63.562,-149.6437
2479,15,10,0,0,5,0,47.04689,1495,31.5699,78.2844
4851,15,20,0,0,0,0,47.00022,7656,0.8734,36.0893
4427,15,10,0,0,0,1,46.99991,0,30.4297,97.1598
4128,15,20,1,0,50,0,46.99483,392288,5.4164,118.1493
206,15,20,13,0,25,0,46.86649,5427,28.6167,82.6167
6781,55,30,4,0,1,0,46.83137,1706,49.8785,-118.1103
3403,15,10,1,0,0,0,46.77007,23687,-2.0398,-78.4359
3430,15,10,0,0,25,0,46.70473,61696,-40.0582,176.8769
3780,15,10,0,0,0,1,46.60337,0,28.7956,82.2314
1776,15,10,0,0,15,0,46.46354,132842,25.3612,92.2845
3310,5,10,6,0,5,0,46.37081,12874,35.8777,-121.4336
2283,5,10,0,0,5,0,46.36778,223523,24.8961,93.4957
1813,15,90,0,0,0,0,46.3149,90894,25.4053,97.8542
5473,5,20,0,0,15,-1,46.27205,1041,51.0086,-116.4885
6795,15,20,0,0,0,0,46.13402,1706,49.8748,-118.0732
4936,15,10,0,0,1,1,45.94088,2571,30.6945,79.0544
2325,15,10,0,0,5,0,45.86906,22903,27.35,87.6667
372,15,20,0,0,50,0,45.7667,76255,-6.3494,147.1646
4890,15,10,5,0,15,0,45.69792,26582,-0.1193,-77.7668
4007,15,10,0,0,50,0,45.68706,91136,26.5919,107.2351
6048,15,10,0,0,5,-1,45.68005,15855,4.9751,115.9243
1539,15,10,3,0,0,-1,45.59743,14596,-17.8045,177.9985
1305,15,10,0,0,1,-1,45.59728,3532,48.3486,-124.5316
2131,35,10,1,0,50,1,45.49995,0,33.532,109.8821
4892,15,10,0,0,50,1,45.49031,4157,27.8776,94.25
1029,5,10,0,0,0,0,45.47475,0,38,71
5431,5,60,0,0,5,0,45.4148,7176,24.9829,93.5063
2166,15,10,0,0,10,0,45.33486,7176,24.9786,93.5027
2569,15,10,3,0,5,0,45.24129,92113,25.2745,94.0212
6341,15,10,0,0,10,0,45.13481,2571,30.688,79.0478
3939,15,10,0,0,25,0,45.02017,9073,28.8687,82.1707
3998,15,40,0,0,10,0,45.01051,0,28.4115,84.7943
948,35,20,1,0,5,-1,44.8459,3532,48.3438,-124.518
552,15,10,0,0,25,1,44.70334,1054,-6.3,147.6
6545,15,60,2,0,10,0,44.65956,0,28.4333,83.1202
2089,15,10,0,0,50,0,44.5643,0,28.4197,83.1421
2596,15,20,0,0,15,0,44.45488,1495,31.5158,78.2619
1108,15,10,0,0,10,0,44.34393,7176,24.9925,93.5
5561,15,10,0,0,1,0,44.26251,485,43.8161,-115.2846
280,15,20,0,0,25,1,44.18956,4428,-44.3025,169.1339
1908,15,20,18,4,50,0,44.14758,37475,34.5628,77.6001
6810,15,10,0,0,0,1,44.11857,0,36.1575,72.0903
2344,15,10,0,0,5,0,42.03089,12871,24.7505,93.4221
6731,45,0,0,0,0,-1,44.08725,1081,45.2091,-116.7067
730,15,10,0,0,50,0,44.03804,5026,29.9,81.1333
4861,5,20,0,0,25,0,43.86029,7176,24.9926,93.4946
4388,15,10,0,0,10,0,43.81566,15582,-37.7846,146.2243
3921,15,10,0,0,5,0,43.72365,20908,29.2385,81.7285
6105,15,60,0,0,0,0,43.67228,0,28.9205,95.3429
1348,5,10,0,0,0,0,43.60693,249219,-29.5345,-53.3906
211,5,60,0,0,5,0,43.53546,223523,24.9667,93.55
518,5,80,0,0,0,0,43.48816,54386,17.7963,96.1703
6379,45,0,0,0,1,-1,43.39923,1886,57.381,-5.4751
6463,5,0,0,5,0,0,43.27997,0,38.7315,75.0176
1132,15,100,8,0,25,1,43.27711,2324,27.4167,86.6667
2370,15,10,1,0,5,1,43.27123,0,25.6167,99
2448,15,10,0,0,50,0,43.21585,44632,27.7948,84.8566
540,15,90,1,0,0,0,43.1759,64468,19.5178,83.1809
5811,15,10,0,0,5,0,43.1716,228212,4.0677,113.831
5346,15,20,0,0,5,0,43.16422,17123,31.0343,78.7248
322,15,20,2,0,15,0,43.16287,12871,24.75,93.4333
3451,5,10,50,13,0,0,43.13552,12272,-8.4454,-38.0702
5343,15,60,0,0,10,0,43.11128,12871,24.7625,93.4341
6425,15,10,0,0,50,0,43.0663,77366,-17.7558,178.4944
3269,15,10,1,0,10,0,43.03855,14927,28.0787,96.5243
770,15,20,0,0,25,0,42.88068,8767,27.7649,87.199
3003,35,10,0,0,5,1,42.81245,3532,48.328,-124.4976
4522,15,10,0,0,1,0,42.80947,0,25.9548,104.5178
1129,15,10,0,0,50,0,42.70454,8797,24.8628,94.4182
6264,15,80,0,0,5,1,42.64478,22264,19.2046,84.1917
1545,5,10,1,0,5,-1,42.60033,16330,36.0696,-121.602
1359,15,20,0,0,25,0,42.26835,0,-4.3333,137
6730,15,0,0,0,1,1,42.24626,25000,33.287,77.2853
3085,15,80,0,0,10,0,42.21282,6127,-18.2883,146.0225
8,35,20,2,0,25,0,42.08436,0,0.0667,100.9833
6104,5,60,0,0,1,-1,42.04851,0,31.0304,103.1831
3288,15,10,0,0,5,0,41.98041,12874,36.009,-121.5189
2256,15,10,0,0,50,0,41.9374,0,32.8391,103.9768
2198,15,10,0,0,10,0,41.90996,14182,32.7571,77.4138
4161,15,20,0,0,5,0,41.89885,27949,-16.6037,179.0421
6152,5,20,0,0,50,-1,41.87711,0,39.3602,114.6943
4452,15,10,0,0,10,0,41.86174,37475,34.0123,77.9988
5507,5,10,23,14,5,0,41.69882,1094,42.1823,-110.1843
3061,15,10,0,0,50,0,41.63737,105622,4.9723,117.9555
5045,15,10,2,0,25,-1,41.62945,2151,-45.0993,169.287
4647,15,20,0,0,1,0,41.54001,2991,45.2462,-116.3322
3483,15,10,0,0,0,0,41.4973,0,41.4088,72.8282
690,5,20,0,0,5,-1,41.47439,3068,37.59,-105.248
2913,5,20,0,0,1,-1,41.44299,4407,36.1435,-121.6551
1154,15,10,0,0,5,0,41.41265,8341,32.4035,77.5796
1544,5,10,0,0,5,-1,41.40142,12874,36.0082,-121.5106
5443,15,10,2,0,5,0,41.28432,23296,28.3922,83.1913
1961,15,10,2,0,50,0,41.26849,25758,25.8833,91.2
4223,15,0,0,0,5,0,41.25917,3532,48.3184,-124.456
2216,15,10,9,0,5,0,41.15433,2005,36.6567,74.8609
684,15,20,4,0,0,1,41.02145,0,32.5625,107.45
168,35,10,2,0,15,0,41.00006,44632,27.863,84.914
1883,15,10,2,0,10,0,40.9984,72960,21.6252,108.3472
4901,5,10,0,0,25,1,40.97918,22903,27.4513,87.6093
3716,15,60,0,0,5,0,40.81927,0,27.3167,86.5
4519,15,10,2,0,5,0,40.81788,0,27.3172,86.5
2290,15,10,0,0,5,0,40.80879,2571,30.6509,79.0264
2568,15,10,0,0,15,0,40.71672,12871,24.7679,93.4108
5521,5,10,0,0,1,0,40.70609,14206,43.4234,-115.3855
2307,15,10,0,0,0,0,40.69771,3250,27.2485,86.6444
6763,5,20,0,0,5,-1,40.65314,9813,49.7715,-116.9091
2375,15,80,0,0,0,0,40.47829,21882,40.3687,127.586
4403,15,10,0,0,50,2,40.42735,223523,24.8142,93.5444
4953,15,10,0,2,5,1,40.41216,0,29.3167,81.5833
5439,15,10,3,0,25,0,40.22275,0,28.4493,82.9305
6482,5,10,4,0,5,-1,40.09082,1872,46.9468,-121.3216
5300,15,10,18,0,50,1,40.08056,92113,25.318,94.0441
2461,15,10,0,0,5,0,40.07703,1495,31.4582,78.2114
2578,15,10,0,0,5,0,40.0566,92113,25.3179,94.0462
3094,5,10,0,0,10,0,40.05006,0,34.8067,73.5654
2512,5,10,0,0,5,-1,40.02455,4038,51.4643,-117.4803
6624,15,60,0,0,10,-1,39.9555,77366,-18.089,178.068
1954,15,20,0,0,50,0,39.73504,17103,24.7543,93.5039
3556,15,60,0,0,25,-1,39.70921,223523,25.1555,93.8474
5342,15,60,0,0,15,0,39.68219,9073,28.935,82.3125
6520,15,60,0,3,5,0,39.62448,9073,28.9429,82.3354
2164,15,10,0,0,25,0,39.51186,15118,25.31,94.4986
2253,15,10,3,0,25,0,39.51186,15118,25.31,94.4986
2133,15,10,0,0,0,1,39.5076,0,-3.4326,126.6457
752,15,10,2,0,50,0,39.43196,20908,29.2,81.7
4103,45,0,0,0,5,0,39.42373,1886,57.3496,-5.5493
5560,15,60,0,0,15,1,39.35619,485,43.8187,-115.3455
6160,15,60,0,0,10,-1,39.34633,107157,27.8126,84.8051
719,5,10,0,0,25,0,39.27253,20908,29.1964,81.7557
5379,15,100,0,2,5,0,39.26988,251900,26.916,104.6673
4681,15,20,6,0,5,0,39.23944,1886,57.3529,-5.5513
5137,15,10,1,0,10,-1,39.22402,4885,33.7576,-109.2835
3641,15,20,0,0,5,1,39.1725,13399,-38.551,146.196
6805,5,30,1,0,0,0,39.16497,0,38.745,75.0635
5520,5,10,0,0,1,0,39.14705,14206,43.4122,-115.3971
6151,15,20,0,0,50,-1,39.06811,0,-3.5517,137.3707
4925,15,20,0,0,15,0,39.02032,1495,31.4551,78.1996
2317,15,10,0,0,1,0,38.93001,20679,11.6652,39.6515
3049,15,10,0,0,5,0,38.70779,12562,-28.0605,152.3855
986,5,10,1,0,1,-1,38.63928,4407,36.1657,-121.675
4293,5,10,0,0,10,-1,38.60274,1137,48.5917,-116.8291
4166,15,10,0,0,5,0,38.59986,42284,-18.1388,177.5031
6167,15,60,0,0,1,-1,38.58572,2571,30.6326,78.9953
3830,15,10,3,0,10,-1,38.5554,7528,24.3527,94.3429
4158,15,20,0,0,15,0,38.53823,1045,44.1228,-122.3953
3107,15,10,0,0,25,0,38.53587,56859,-32.9563,-70.2129
6029,5,20,1,0,5,-1,38.51851,4038,51.2995,-117.5212
2278,15,10,0,0,1,0,38.50248,5046,38.647,-109.9818
2563,15,20,0,0,10,0,38.48948,5993,-29.4985,152.3913
5451,5,10,0,0,1,0,38.48521,485,44.1144,-116.1053
2454,15,10,1,0,10,0,38.43651,13865,30.9013,79.5322
3873,25,20,0,0,50,-1,38.38512,4348,46.3318,-114.6432
2436,15,10,0,0,5,0,38.37584,3962,24.3069,93.125
4255,15,20,0,0,5,-1,38.28601,1045,44.1228,-122.3992
681,15,10,0,0,50,1,38.28278,0,28.7236,82.1515
3043,35,50,1,0,5,0,38.27504,485,44.1126,-116.1043
672,15,20,0,0,0,0,38.25954,0,27.09,86.37
5737,15,10,0,0,0,0,38.06464,228212,4.1176,113.8359
4970,15,10,2,3,1,0,38.03153,0,23.5102,106.1624
689,15,10,0,0,50,1,37.86243,23416,29.428,81.28
2064,5,10,0,0,10,0,37.85497,76255,-7.0607,147.0348
5266,15,60,1,0,10,0,37.78098,2324,50.3961,-122.2207
5063,15,10,0,0,0,0,37.72818,0,37.3869,113.1122
5606,15,55,0,0,10,-1,37.59933,9232,57.0624,-6.5345
1845,15,10,1,0,25,0,37.59576,0,27.124,104.7281
5103,15,0,0,0,25,0,37.5595,0,28.6202,82.4393
3185,15,10,0,0,0,0,37.48857,18652,-25.0209,-51.5288
305,15,0,46,13,50,0,37.34675,14305,9.9056,11.9283
308,15,0,3,0,25,0,37.34675,14305,9.9056,11.9283
1906,45,10,4,0,1,0,37.17407,13000,-44.843,170.6453
2155,5,10,7,0,1,-1,37.15519,1191,46.6521,-121.2355
6518,15,20,1,6,5,0,37.14005,9073,28.9446,82.2494
4576,15,10,0,0,10,0,37.11379,5858,40.7067,-105.5951
6458,15,60,0,9,1,0,37.06227,0,27.6363,86.2326
1969,15,10,0,0,15,0,37.06023,19599,23.47,120.9572
2458,15,10,7,0,25,0,37.04628,17123,30.9015,78.7756
764,15,10,0,0,25,0,36.97843,0,29.3833,81.3167
5139,15,10,0,0,5,0,36.94258,7331,30.0718,80.2369
2037,35,20,1,0,5,0,36.91599,455173,0.2318,109.1318
6768,5,20,0,0,0,-1,36.90227,1073,48.3164,-118.7413
1142,35,10,1,0,5,0,36.88261,10889,-26.5833,-53.5833
1060,15,10,0,0,5,0,1.08737,0,31.483,103.5868
6461,15,60,0,0,5,0,36.81408,0,28.2045,84.7387
665,15,10,0,0,50,1,36.791,31495,27,86.71
5023,15,60,0,0,0,0,36.77667,7331,30.0712,80.2386
4991,15,10,0,1,50,0,36.75939,0,29.378,81.3559
5147,15,40,0,0,10,0,36.71662,26550,-41.7506,174.2633
2323,15,10,3,0,5,0,36.6114,0,35.6804,113.6385
4569,15,10,0,0,10,1,36.59477,1464,27.8385,88.556
6229,15,60,0,0,1,-1,36.51591,71585,5.7369,116.384
5920,65,0,1,0,5,0,36.50141,1965,47.7459,-121.0941
6517,15,60,12,1,10,0,36.44413,5427,28.5237,82.5891
2652,15,80,0,0,50,0,36.37629,1441,15.5227,-85.265
5001,5,10,0,1,1,0,36.36715,32523,21.9907,92.4951
5607,5,80,0,0,1,2,36.32067,71578,34.7476,139.3785
4939,15,10,0,0,15,0,36.23231,1137600,27.1663,100.0692
145,15,20,38,0,25,0,36.15885,0,28.0764,83.2519
1121,35,10,1,0,5,-1,36.14855,1546,-42.5525,147.8758
4244,35,0,0,0,1,0,36.13089,4537,-36.6008,149.4481
6213,15,60,0,0,0,1,36.10354,14045,25.8143,90.5763
5075,15,20,0,0,5,0,36.10002,22903,27.5001,86.8669
220,15,20,0,0,25,0,36.09995,223523,25.1333,93.9667
4933,15,10,0,0,50,0,36.09394,0,31.5986,78.4384
2030,15,10,0,0,10,0,36.08008,31495,26.97,86.74
4562,15,10,5,0,15,0,36.06463,2324,27.5002,86.5833
2346,15,10,4,0,5,0,36.04819,0,28.1171,83.2497
219,15,20,0,0,50,0,36.03051,0,28.0667,83.25
712,15,20,1,0,15,0,35.98906,48629,16.624,97.938
450,15,20,0,0,5,0,35.98308,1965,47.7463,-121.086
4178,35,20,0,0,25,0,35.97774,1690,64.4112,-14.5624
5381,15,60,0,0,0,2,35.89198,0,19.8981,101.1396
5446,15,10,0,0,5,0,35.81177,23296,28.2399,83.2266
883,5,10,0,0,25,0,35.78457,9152,1.3,35.6167
4416,15,10,8,0,5,1,35.76707,15000,-33.2968,-70.2492
6514,15,60,1,7,5,0,35.75141,0,28.0081,84.6476
6565,0,0,1,0,5,0,35.67583,9073,29.5311,81.9616
1171,25,10,0,0,5,0,35.65711,2192,50.5662,-123.1173
5438,15,10,5,0,1,0,35.60787,23296,28.3962,83.2549
4504,15,10,1,0,5,0,35.58303,31978,34.6113,74.9499
3560,15,10,0,0,50,0,35.52835,223523,24.8286,93.5935
6172,5,10,0,0,5,0,35.51391,0,24.7594,97.5634
682,15,80,0,0,0,0,35.502,61696,-39.8931,176.5992
3378,35,10,0,0,0,0,35.48545,0,35.6562,74.9448
1571,35,80,0,0,0,1,35.46494,27686,-21.1806,48.0043
2556,15,10,0,0,5,0,35.44437,77366,-18.0327,178.1266
6340,15,60,0,0,1,0,35.35063,16557,24.1965,73.703
4793,15,20,0,0,5,0,35.34908,3532,48.2632,-124.3011
4794,15,20,2,0,5,0,35.34908,3532,48.2632,-124.3011
4577,15,10,0,0,50,0,35.30636,0,12.1639,107.4326
6173,15,20,1,0,1,-1,35.28743,0,27.9995,84.6333
1979,15,10,3,0,50,0,35.22153,253788,21.1899,92.1571
6762,5,20,0,0,5,-1,35.18346,9813,49.7022,-116.9114
5259,15,100,0,0,0,0,35.1654,0,35.4781,74.5049
6459,15,10,0,0,10,0,35.10927,22903,27.4083,87.2739
2050,15,10,0,0,25,0,35.10781,0,31.645,78.4354
244,5,20,0,0,10,0,35.10224,1073,1.4833,35.4667
2327,35,10,0,0,5,0,35.00505,1035,27.2948,87.9377
3710,15,10,0,0,5,0,34.98625,23693,28.0889,83.2934
2750,35,10,0,0,25,0,34.98416,27949,-16.7324,179.3997
5224,5,10,0,0,10,-1,34.92794,7331,29.9964,80.201
6081,15,60,0,0,5,-1,34.84868,23693,28.0872,83.2935
5434,5,10,0,0,1,0,34.82356,7979,39.9565,-111.2388
5505,15,20,2,0,5,0,34.79312,3250,27.3414,86.7506
5151,15,40,0,0,10,0,34.79151,26550,-41.7331,174.2538
3424,15,10,0,0,1,0,34.74001,61696,-39.9455,176.9248
4823,5,20,1,0,5,0,34.59631,7750,34.2946,75.4832
865,15,10,1,0,50,0,34.47722,0,1.3314,120.925
3015,5,10,2,0,10,0,34.46887,485,44.0967,-116.0504
6077,15,20,7,0,5,0,34.4197,23693,28.0816,83.2934
4820,15,20,4,0,25,1,34.39049,36061,-0.9789,36.1529
107,15,10,0,0,0,0,33.94603,5114,-0.356,-78.148
2433,15,10,2,0,50,0,34.38411,31495,26.9796,86.7001
5433,5,10,0,0,1,0,34.35735,7979,39.9575,-111.2445
2306,15,10,0,0,10,0,34.34606,17567,27.59,83.88
2313,15,10,0,0,10,0,34.34606,17567,27.59,83.88
3046,25,10,0,0,5,0,34.33461,1795,43.271,-122.6802
4145,15,10,0,0,25,0,34.26608,15000,-33.2961,-70.2686
4429,15,10,0,0,10,0,34.24094,0,29.3588,81.31
1079,5,80,0,0,50,1,34.24073,0,23.4333,120.7803
1976,15,10,0,0,15,0,34.1929,253788,21.2308,92.1956
6373,45,0,0,0,25,0,34.18291,22582,50.469,-66.1496
654,15,100,0,0,10,0,34.17739,92294,28.9,80.87
6797,15,30,32,7,50,0,34.15607,0,36.0739,72.0406
733,5,20,1,0,10,-1,34.11263,2370,48.3455,-120.0477
4650,15,20,0,0,15,0,34.09967,1795,43.3197,-122.6816
1086,15,10,15,20,10,0,34.03805,0,28.25,83.1792
3669,15,10,0,0,50,0,34.03469,17123,30.7666,78.7963
6412,15,0,0,0,25,0,34.01166,30016,3.8258,101.383
122,15,20,0,0,25,0,33.93016,0,29.356,81.3098
950,5,90,0,0,0,0,33.91881,0,29.3559,81.3097
2297,15,10,16,17,0,0,33.62719,0,36.3044,73.4245
1889,15,10,0,0,10,0,33.58845,19599,23.475,120.8994
2581,15,10,0,0,15,0,33.56105,5993,-29.4884,152.446
2664,15,80,7,0,5,0,33.51924,15968,10.8334,-60.9436
5024,15,60,0,0,50,0,33.49872,5026,30.1719,80.8576
4589,15,10,4,0,0,0,33.47473,50293,5.5779,-0.9992
5432,5,10,0,0,1,0,33.45684,7979,39.9638,-111.2517
6250,25,80,0,0,50,0,33.43174,50206,18.3297,82.9565
2258,15,10,0,0,0,0,33.40841,135477,21.3161,107.3397
2068,15,10,3,0,5,1,33.37434,0,27.231,103.1931
2905,35,10,0,0,5,0,33.34168,6318,-38.8923,174.5966
962,15,10,0,0,5,0,33.29411,1347,48.538,-121.75
3824,15,20,3,0,50,0,33.26413,0,28.0889,85.6352
22,15,20,0,0,50,-1,33.23722,19151,4.4999,114.6667
3923,15,10,3,0,50,0,33.22845,20908,29.139,81.773
5011,15,10,5,4,5,0,33.20358,0,25.38,104.1369
5427,15,10,1,0,5,0,33.20312,92113,25.3833,94.1884
6336,15,60,0,0,5,0,33.16037,0,26.1095,103.1552
3023,15,10,0,0,5,0,33.1551,4154,43.8071,-123.7113
5136,15,0,0,0,15,0,33.15201,21867,27.7115,83.9072
2787,15,10,3,0,5,0,33.10893,15968,10.8275,-60.9416
2788,15,10,5,0,5,0,33.10893,15968,10.8275,-60.9416
5695,15,10,0,0,50,0,32.99747,6902,-18.7913,-42.3753
5696,15,10,2,0,50,0,32.99747,6902,-18.7913,-42.3753
2383,15,10,0,0,5,0,32.99063,4052,-37.1475,146.4399
6100,15,60,8,0,0,0,32.96402,5827,12.3476,-84.79
226,35,20,0,0,10,0,32.91524,0,29.184,81.6018
2222,15,20,0,0,0,0,32.90326,29331,35.2227,72.4258
5106,15,10,1,0,0,0,32.86511,0,37.0903,108.5845
2192,5,10,0,0,50,0,32.81897,1600,27.6661,86.0332
1113,15,20,0,0,10,0,32.7993,22903,27.6072,86.9985
6101,15,60,23,13,0,0,32.77401,5827,12.352,-84.7932
803,15,10,15,0,50,0,32.75383,92294,28.833,80.9
5297,15,0,0,0,50,0,32.74684,0,27.8664,83.1036
5361,15,0,0,0,25,0,32.73394,8160,31.0826,78.066
5516,5,10,0,0,25,0,32.7157,14206,43.4205,-115.6043
6171,15,10,0,0,5,-1,32.71144,0,29.1491,81.6165
3922,15,10,0,0,5,0,32.71031,0,29.1832,81.5999
6099,15,60,7,0,0,0,32.69694,5827,12.3484,-84.7928
4869,5,20,20,7,0,0,32.69153,0,-2.847,102.0873
4726,15,30,0,0,15,0,32.6879,9073,29.1426,81.8833
818,15,10,0,0,25,0,32.67517,92294,28.8268,80.9023
5522,5,10,4,0,1,0,32.66456,14206,43.365,-115.4442
2562,15,10,0,0,5,0,32.66264,725000,34.6644,73.4637
539,5,30,0,0,5,-1,32.6464,9813,49.7701,-117.4619
1975,15,10,0,0,5,0,32.54732,253788,21.2289,92.1696
1977,15,10,22,10,5,0,32.54732,253788,21.2289,92.1696
6530,15,10,0,0,50,0,32.5223,0,34.5382,74.2493
2324,15,10,2,0,5,0,32.50156,223523,24.8029,93.6228
6398,15,10,0,0,25,-1,32.48635,1347,48.5346,-121.7306
3525,15,10,8,0,15,0,32.48182,7176,25.0672,93.4093
6090,15,60,0,0,0,0,31.24511,5827,12.3521,-84.808
5939,15,10,0,0,5,0,32.44905,0,35.1148,73.0068
3672,15,10,0,0,0,0,32.43398,8364,25.5125,93.3613
2561,15,10,1,0,25,0,32.38063,0,34.8075,73.6889
6538,15,0,0,0,5,0,32.37939,1495,31.5216,78.1346
4234,35,10,0,0,10,0,32.33243,1100,-36.7056,146.8154
1049,15,100,3,0,15,0,32.28507,0,27.9447,84.2279
6403,15,0,0,0,0,0,32.25379,0,25.0666,98.8225
3697,15,10,29,13,25,0,32.22177,21867,27.9939,84.094
675,5,10,0,0,15,-1,32.15868,3068,37.5588,-105.135
5534,5,80,25,4,1,0,32.12708,21407,17.3461,-100.1681
5056,15,10,0,0,10,0,32.08945,20908,29.1309,81.6631
2203,15,10,0,0,10,0,32.04254,10414,36.1788,74.158
5909,15,0,0,0,5,1,32.0185,18317,29.58,80.67
4167,15,10,0,0,5,0,32.01702,42284,-18.0873,177.3814
998,5,10,20,9,5,0,31.96188,15722,-18.5333,47.3167
5211,15,10,10,3,5,0,31.87601,0,27.8694,103.5109
273,15,10,0,0,5,0,31.8401,86685,-1.783,29.583
5514,5,10,0,0,1,0,31.78115,14206,43.4026,-115.5605
3102,15,10,0,0,5,0,31.65457,47587,7.2753,81.0714
4760,15,0,3,0,50,0,31.6121,1443,36.6468,-111.633
5850,5,10,0,0,25,1,31.60993,141251,-19.366,-65.948
3354,15,20,0,0,0,0,31.55091,8824,-9.938,33.4318
232,15,20,0,0,0,0,31.54629,107157,27.9167,84.25
765,15,10,0,0,50,0,31.54629,107157,27.9167,84.25
4442,15,10,0,0,10,0,31.52755,0,27.9526,84.227
6571,15,20,0,0,5,0,31.50921,0,28.6572,82.2345
5399,45,55,10,0,1,-1,31.43287,50206,18.2807,83.0394
4405,15,10,0,0,5,0,31.38223,0,22.7519,120.781
3479,15,10,0,0,5,1,31.37529,0,25.7921,110.322
6091,15,60,0,0,0,0,31.3736,5827,12.3511,-84.8064
5447,15,10,0,4,10,0,31.33247,23296,28.4505,83.342
6150,5,10,3,0,15,-1,31.30151,575,38.2114,-118.8782
1164,15,10,0,0,10,0,31.29668,0,-5.4195,104.3496
4956,15,100,3,0,5,0,31.29134,23416,29.5388,80.9963
3096,5,10,0,0,10,0,31.18402,14047,34.6534,73.4374
2809,5,10,2,0,25,0,31.17377,1965,47.7367,-121.0207
2701,35,10,3,0,10,0,31.16274,12422,9.0891,99.8589
6089,15,60,0,0,0,-1,31.14242,5827,12.3535,-84.8095
5952,15,80,0,0,25,1,31.11221,1951,-15.3004,166.9182
6092,15,60,0,0,0,0,31.10125,5827,12.3506,-84.8089
5422,45,80,0,17,10,0,31.05559,31288,22.2841,120.7255
3700,15,10,0,0,5,0,31.05067,200000,28.0075,84.088
5351,25,10,0,0,1,0,31.0066,36441,36.2566,-115.6442
6093,15,60,0,0,0,0,30.99704,5827,12.3502,-84.8098
597,5,20,0,0,10,-1,30.98796,466,35.7951,-92.9646
3709,15,10,0,0,15,0,30.9652,23296,28.3683,83.2934
1918,15,70,16,0,0,0,30.93866,0,27.7489,107.4656
6524,5,0,1,2,50,0,30.92493,5427,28.4414,82.624
368,25,20,8,0,50,1,30.9202,28198,-9.0087,148.1139
3919,15,10,0,0,5,0,30.91725,0,27.9604,84.2231
6714,15,90,0,0,15,0,30.84081,42742,12.4359,9.1854
3120,5,10,1,0,25,0,30.81169,3778,-0.6549,-78.874
6094,15,60,3,0,0,0,30.7707,5827,12.349,-84.8116
2676,15,10,1,0,5,0,30.75059,50206,18.2733,83.0645
5513,5,10,6,0,1,0,30.71907,14206,43.3877,-115.5441
3739,15,10,6,0,50,0,30.71072,107157,27.6454,84.125
5169,15,10,2,0,15,0,30.68819,107157,27.5,84.6663
3567,15,10,0,0,10,0,30.65143,47419,9.5207,77.0198
6291,15,60,0,0,15,1,30.61905,63645,25.7354,90.3852
3785,5,10,0,0,0,0,30.61676,20324,-8.8137,-36.9541
2557,15,10,0,0,50,0,30.57968,19294,5.9606,116.388
3670,15,10,0,0,50,0,30.56741,7725,31.0188,78.4129
3752,15,10,0,0,25,0,30.56741,7725,31.0188,78.4129
4303,15,10,1,0,5,0,30.55853,77366,-17.9392,178.2452
4494,5,10,0,0,5,0,30.55804,0,31.3161,103.8764
3877,15,20,0,0,15,0,30.51351,27244,46.4492,-92.162
794,15,20,0,0,0,0,30.50482,109400,27.137,103.95
6433,15,0,2,0,15,-1,30.48877,4270,47.9849,-113.6809
1203,5,80,5,0,10,0,30.47331,0,14.8733,108.0191
4267,5,20,7,0,5,-1,30.43806,4864,45.087,-122.0578
4306,15,10,0,0,25,0,30.41175,283441,12.2736,108.9163
5506,5,10,0,0,50,0,30.39279,1094,42.2872,-110.1938
2219,15,10,0,0,10,1,30.38622,2100,35.0148,75.6213
529,35,20,4,0,1,0,30.37774,1899,-41.5877,175.2362
5083,25,20,0,0,5,0,30.37462,24085,36.2629,-115.6158
5931,5,60,0,0,5,0,30.35184,1347,48.5191,-121.7073
5911,15,0,0,0,1,1,30.33207,1169,57.3121,-4.8501
6302,25,10,0,0,5,0,30.3241,2370,48.2873,-120.0646
4085,5,10,0,0,1,0,30.29383,15968,10.8313,-60.9991
3528,5,10,0,0,5,-1,30.28399,8893,40.3398,-112.5716
6095,15,60,0,0,0,-1,30.27546,5827,12.3487,-84.8163
3324,25,10,0,0,10,0,30.25295,0,8.9607,99.8832
4545,15,10,0,0,0,1,30.25259,0,21.8777,104.5658
1309,5,10,2,0,5,-1,30.10748,2075,47.7093,-121.3601
4438,15,10,0,0,5,0,30.07563,0,28.4628,101.8783
4959,15,20,0,0,50,0,30.03128,20908,29.1145,81.6865
659,5,10,0,0,25,0,29.97781,2991,44.93,-115.72
1002,15,20,0,0,5,0,29.97069,2250,60.7771,-148.7315
5362,15,80,12,0,5,0,29.95684,71066,23.6454,109.9679
6096,15,60,1,0,0,0,29.95253,5827,12.349,-84.8195
6102,15,60,10,0,0,0,29.94574,5827,12.3491,-84.8196
6097,15,60,11,0,0,0,29.92927,5827,12.3484,-84.8195
4702,15,20,8,0,0,0,29.91952,0,1.1837,124.53
488,15,20,0,0,50,0,29.87319,37475,34.219,77.2665
2081,5,10,3,0,10,0,29.84238,107111,35.2507,137.8163
3101,15,10,0,0,15,0,29.83936,66716,7.6447,80.8147
1620,15,10,7,0,10,0,29.83354,0,-12.9655,-71.4216
5659,15,10,6,0,15,0,29.8286,69596,12.9564,109.0574
3140,15,20,0,0,5,0,29.82656,2033,44.3543,-123.7083
1799,15,10,1,0,10,1,29.77607,9152,1.2495,35.5842
5750,15,0,0,0,1,1,29.75177,10442,-44.5838,168.2992
2456,15,10,4,0,25,0,29.74149,13865,30.7991,79.4356
4921,15,20,2,0,25,0,29.71265,17491,27.1418,87.7788
5323,15,10,0,0,50,0,29.71015,7750,34.2601,75.4466
2967,15,10,0,0,10,0,29.55088,2290,-38.5854,143.9341
5135,15,0,5,0,15,0,29.5084,23693,27.6746,83.7533
6448,5,10,0,0,10,0,29.50172,11312,38.623,-119.7203
2577,15,10,0,0,50,0,29.47352,92113,25.5265,93.8673
4393,15,10,0,0,25,1,29.42771,1464,27.7565,88.632
255,15,20,0,0,25,0,29.41705,30418,24.2451,94.0691
5608,15,0,3,0,15,0,29.37158,2571,30.5345,79.0853
5611,15,20,0,0,15,0,29.37158,2571,30.5345,79.0853
2371,15,10,0,0,5,0,29.32409,0,27.59,86.1
1066,15,100,3,0,0,0,29.30077,0,27.9582,84.2726
390,15,80,5,0,5,0,29.28864,15968,10.841,-61.055
1114,15,60,24,0,5,0,29.28794,0,27.9504,84.3075
6525,15,10,277,0,50,0,29.28035,17123,30.9936,78.4594
4671,15,20,0,0,15,0,29.26206,4561,44.0106,-123.7121
6814,15,50,0,0,10,-1,29.20796,1872,46.9484,-121.0704
3698,15,10,0,0,5,0,29.16463,0,27.9507,84.415
45,15,20,0,0,5,0,29.09438,1982,46.355,-122.5479
4748,15,20,0,0,10,0,29.07721,0,2.9832,98.1938
51,15,10,0,0,5,0,29.06942,2899,39.221,71.188
5267,15,60,0,0,25,0,29.03595,0,35.1544,74.0453
1047,15,100,1,0,10,0,29.03011,0,27.9586,84.2805
3152,15,10,0,0,1,0,29.01073,570407,1.2951,110.2716
3810,15,10,0,0,10,0,28.9894,1442271,27.9358,85.1893
6483,25,10,1,0,10,0,28.97111,1191,46.6752,-121.0489
4566,15,10,12,0,5,0,28.94222,107157,27.7923,84.7001
886,15,20,0,0,25,0,28.92635,0,8.8313,105.2523
3006,15,20,0,0,50,0,28.92074,1777,45.6047,-123.4845
2152,15,10,0,0,10,0,28.90701,107157,27.7994,84.6959
2167,15,10,8,0,10,0,28.90701,107157,27.7994,84.6959
6098,15,60,0,0,0,0,28.90294,5827,12.3129,-84.8199
1912,15,40,0,0,50,0,28.87797,0,31.236,103.4883
4920,15,10,0,0,1,0,28.85336,1495,31.5168,78.0976
5511,5,10,7,3,1,0,28.84649,14206,43.34,-115.4769
2286,15,10,0,0,25,0,28.79547,23693,28.0276,83.3164
4958,15,10,0,2,5,0,28.79246,9073,29.5326,82.1482
2575,15,10,4,0,50,0,28.77268,8364,25.5242,92.9914
999,5,20,0,1,1,-1,28.71388,4407,36.2476,-121.7817
3304,15,10,0,0,15,0,28.68115,0,9.3825,98.7612
5789,5,60,0,0,5,1,28.6735,32393,6.7037,117.0344
3920,15,10,234,0,5,0,28.64087,0,29.1657,81.5631
3139,15,20,20,1,5,0,28.62688,2514,42.9651,-123.8152
3978,15,10,0,2,5,0,28.60568,5427,28.3875,82.6474
6540,25,10,4,0,50,0,28.58933,2552,48.3729,-119.9688
5603,5,10,0,0,5,0,28.57853,15118,25.426,94.6024
5168,15,10,3,0,50,0,28.57287,0,27.7713,86.166
254,15,20,0,0,50,0,28.525,852,27.0971,90.4032
791,15,80,0,0,25,0,28.51184,19599,23.6539,121.0134
5125,25,10,2,0,5,0,28.51122,7247,37.1629,-111.373
6219,15,20,0,4,50,0,28.50569,26246,10.4741,-73.8715
5210,15,20,0,0,50,0,28.46491,0,34.3752,106.7588
612,15,10,2,0,50,0,28.42059,2860,28.57,83.45
2211,15,10,0,0,5,1,28.41985,37475,34.3061,77.3265
6812,65,0,0,0,25,0,28.37636,5026,30.1818,81.4392
2044,5,100,0,4,5,0,28.37402,29499,25.8877,94.7861
3741,15,20,0,0,5,0,28.31436,92113,25.4191,94.1079
2811,5,10,1,0,50,0,28.31035,6145,48.4632,-124.0862
2401,15,20,5,0,5,0,28.30722,10414,36.1736,74.3001
3860,15,20,13,0,10,0,28.30317,92113,25.4192,94.108
247,15,20,0,4,50,0,28.2961,223523,25.0604,93.9877
3572,15,10,0,0,0,0,28.29459,3983,0.8479,-78.0609
3437,15,10,1,0,0,0,28.28529,47832,6.6331,80.6501
3442,15,10,0,0,0,0,28.28529,47832,6.6331,80.6501
2539,15,10,0,4,25,0,28.27407,25581,28.3092,95.4149
2163,15,10,0,0,5,0,28.26285,92113,25.4196,94.1054
6115,5,20,0,0,5,-1,28.23582,1385,49.7005,-123.1565
2472,5,80,0,4,5,0,28.20759,0,23.4367,120.7211
3658,15,10,0,0,25,1,28.19084,77366,-17.8893,178.4779
2509,5,10,12,6,10,0,28.14638,64400,28.1981,81.8494
3017,15,10,0,0,5,0,28.11774,1126,46.3822,-122.0125
2020,15,10,0,0,1,0,28.10052,2235,-43.7739,172.7873
2442,15,10,2,0,15,0,28.07846,23693,28.058,83.3588
182,15,20,0,3,0,1,28.06031,0,35.273,72.983
2536,15,0,0,0,50,0,27.99881,24931,12.7796,75.5844
6637,5,20,10,6,50,0,27.96004,2758,46.7517,-121.9412
2170,15,10,0,0,25,0,27.92364,2005,36.5011,74.8899
3546,15,10,0,0,50,0,27.91819,1214,7.1145,80.314
5515,5,10,5,0,1,0,27.87603,14206,43.3359,-115.4894
3715,15,60,3,0,5,0,27.85925,31495,26.8998,86.7014
2365,15,10,0,0,10,0,27.84363,0,29.0834,81.5834
23,15,20,0,0,50,0,27.83596,42284,-18.0167,177.55
5512,5,10,9,0,1,0,27.81611,14206,43.3575,-115.5397
3030,15,10,0,0,5,0,27.81322,8925,44.4006,-122.3871
3686,15,20,0,0,5,0,27.74885,107157,27.9333,84.4167
4930,15,20,8,3,50,0,27.63875,17123,30.885,78.6695
4834,15,20,0,0,0,0,27.63311,70593,-1.6649,29.8353
2405,15,10,0,2,0,0,27.57255,25581,28.3036,95.4112
2382,15,10,1,0,5,0,27.55031,1100,-36.9829,147.1399
5121,5,10,0,3,5,0,27.54476,2826,39.0715,-107.1995
2704,5,10,0,0,0,0,27.4983,0,8.9655,99.7996
3759,15,10,0,0,50,0,27.4976,2571,30.506,79.1127
1546,5,80,6,6,0,0,27.49371,3705,38.6081,-28.0235
1141,5,90,0,0,10,0,27.49051,1600,27.7667,86.1334
3699,15,10,5,0,10,0,27.48738,0,27.9654,84.4107
1553,5,10,0,0,50,0,27.48449,2361,-16.4158,-67.8317
2149,5,10,2,0,10,0,27.47506,1320,38.0604,-108.1234
4206,15,20,1,0,5,0,27.41599,0,20.7123,105.0378
630,15,0,0,3,50,0,27.40158,1442271,27.92,85.19
2184,5,10,1,0,5,0,27.39654,51721,39.8403,141.772
4996,15,10,0,0,50,0,27.38856,0,41.6518,72.0106
2285,15,10,0,0,50,0,27.37186,15056,27.7592,82.6335
204,15,20,2,9,25,0,27.32112,0,27.9167,83.0833
3882,15,20,0,0,5,0,27.31647,10414,35.978,74.6063
2947,15,10,0,0,0,0,27.31333,6638,-12.3325,-73.1219
2471,15,10,0,0,50,0,27.28608,47571,29.7911,80.058
4277,45,20,0,0,10,0,27.2437,31978,34.6507,74.7362
4160,45,20,0,0,25,-1,27.21839,4407,36.2618,-121.7938
3943,15,10,3,9,10,0,27.20627,1464,27.7344,88.633
3944,15,10,0,8,10,0,27.20627,1464,27.7344,88.633
882,5,10,0,0,50,0,27.19587,1073,1.2827,35.447
2571,15,10,0,7,25,0,27.18322,44758,28.7038,80.9787
3545,15,10,0,0,5,0,27.15704,9350,7.2097,80.207
1691,15,10,0,0,5,0,27.14037,147281,-23.0392,-43.5001
4144,15,10,0,0,15,0,27.09269,2221,7.257,126.1579
1229,15,10,0,0,10,0,27.08896,0,29.2944,81.3
5133,5,10,0,0,5,0,27.05169,2826,39.0718,-107.1928
4294,15,20,2,0,10,-1,27.02373,3368,40.2695,-124.2112
4887,15,10,0,13,10,0,27.00313,2221,7.2549,126.1557
922,35,10,0,0,0,0,26.99122,21410,5.0936,102.9896
1182,5,10,0,0,5,0,26.97874,3485,32.804,-88.3108
5782,15,60,0,0,15,0,26.93806,457326,6.116,116.2708
6332,15,80,2,0,50,0,26.92863,2361,11.8895,119.939
3022,15,10,0,34,50,0,26.92651,1151,43.6712,-123.6521
3574,15,10,1,0,50,0,26.89879,8904,7.7895,-74.2239
2326,15,10,3,5,5,0,26.52875,17491,27.07,87.73
925,15,10,0,0,5,0,26.82176,22179,6.2167,80.45
2168,15,10,0,0,25,0,26.80117,725000,34.2145,73.6936
3385,15,10,5,0,25,0,26.80117,725000,34.2145,73.6936
5214,15,90,0,0,10,0,26.78878,0,31.8931,78.63
512,15,10,3,0,0,0,26.75581,15073,6.9634,80.3643
5656,5,0,1,54,1,0,26.74956,17082,39.1832,140.1175
1153,15,10,0,0,5,0,26.72934,0,31.8833,78.6167
6485,45,40,9,8,15,0,26.72137,1399814,0.0072,-78.4781
400,15,20,0,0,25,1,26.7208,50059,-7.6511,111.1835
5690,5,20,0,0,10,0,26.68822,15968,10.8237,-61.0955
4130,15,10,0,0,10,2,26.68374,2221,7.2521,126.1566
4146,15,10,4,6,10,0,26.68374,2221,7.2521,126.1566
6368,15,20,10,0,0,0,26.67215,485,43.7777,-115.5106
3105,15,10,1,0,25,0,26.65961,66716,7.6192,80.6405
6026,15,20,0,0,5,0,26.62969,1183,42.1633,-74.4086
521,35,20,8,0,50,0,26.57516,197000,11.8861,108.2058
5418,25,10,0,0,5,0,26.56626,3112,45.3871,-114.0541
3987,15,20,0,0,1,0,26.50673,44632,27.891,85.149
463,15,20,0,0,5,-1,26.48182,1731,-35.047,173.7463
877,35,20,2,7,5,-1,26.4588,4407,36.27,-121.8076
2424,15,10,0,0,25,0,26.45346,265331,23.591,92.9296
2700,5,10,6,0,10,0,26.45037,12422,9.152,99.8663
4803,15,20,0,0,5,0,26.44877,56298,-9.5744,160.1445
4570,15,10,0,0,1,0,26.39832,25581,27.8458,95.2253
438,15,20,0,0,5,0,26.37635,4561,44.0302,-123.679
5771,15,30,0,0,5,1,26.34328,3907,52.882,-118.4484
2291,15,10,15,3,10,0,26.3194,17123,30.966,78.4151
3679,15,10,0,0,5,0,26.26718,21867,28.0004,84.033
319,15,20,1,0,50,0,26.23523,92113,25.4379,94.1162
3039,15,20,0,0,50,0,26.23207,784,47.2426,-115.8608
3301,15,10,0,0,10,0,26.22724,12422,9.1618,99.8725
3104,15,10,0,0,50,0,26.2209,66716,7.6235,80.6349
1393,5,20,0,0,15,0,26.18676,25742,-0.4167,-78.7833
320,15,20,0,0,50,0,26.15565,19294,6.043,116.4453
5150,15,40,3,0,5,0,26.15342,26550,-41.6885,174.1664
1910,15,10,0,0,10,0,26.14437,2009,-45.9034,170.0982
3822,15,20,0,0,0,0,26.13655,47571,29.5194,80.469
3681,15,20,0,0,25,0,26.1361,0,31.2574,103.6019
4937,15,20,5,0,5,0,26.1116,47571,29.5193,80.4687
6138,15,20,6,5,10,-1,26.07781,1600,27.9411,85.6838
3668,15,10,0,0,0,0,26.07261,32442,29.607,79.9298
5248,5,10,3,0,1,-1,26.0676,3260,39.5166,-111.1548
6564,15,0,0,0,10,0,26.04417,9073,29.5023,82.2504
5551,5,20,0,27,25,0,26.02629,2361,-15.999,-67.5836
169,35,10,0,0,25,0,25.98053,3250,27.016,86.85
3778,15,20,8,0,5,-1,25.96697,1600,27.9512,85.6846
3106,15,10,2,0,10,0,25.93259,111701,7.5206,80.7014
5679,5,10,0,0,1,0,25.8893,11169,-12.3546,-40.9044
3028,35,10,0,0,5,0,25.88842,4864,45.2309,-121.7017
6126,5,10,4,0,0,0,25.86952,0,26.6432,99.5666
2316,15,10,10,0,10,0,25.83622,84775,27.6041,84.8603
85,5,10,0,0,10,0,25.83472,25708,22.6368,92.1453
3119,5,10,0,0,10,0,25.82923,25742,-0.6273,-78.3664
2429,15,10,0,0,5,0,25.80526,1600,27.7513,85.8166
5249,25,20,10,0,5,-1,25.7509,3260,39.5366,-111.1562
1639,15,10,18,0,1,0,25.74342,147281,-23.0291,-43.4897
2815,5,10,0,0,5,0,25.74091,2075,47.7307,-121.4089
6551,15,10,3,0,10,0,25.7364,2684,45.3532,141.0171
2029,15,10,0,0,50,0,25.71177,22903,27.6063,87.2196
1656,15,10,11,0,1,0,25.70069,147281,-23.0289,-43.489
2124,15,10,0,0,5,-1,25.68212,9051,33.9917,-107.1577
5215,15,20,0,0,5,0,25.61788,20216,30.4521,78.754
6305,15,0,4,0,10,0,25.61264,21282,49.0115,-124.8257
4994,5,10,0,0,15,0,25.57232,2450,40.6784,-105.4323
6307,15,80,30,0,25,0,25.57221,22264,19.1008,84.0502
3596,15,0,0,0,1,0,25.53809,1744,47.5738,-103.2478
2722,5,10,1,0,0,0,25.51411,36549,8.5612,-74.9185
118,15,20,0,0,50,0,25.50012,0,35.3544,73.0208
192,15,80,3,0,10,0,25.42251,0,23.4715,120.6976
5202,15,20,2,0,5,0,25.40379,0,34.3006,105.8268
5203,15,20,0,0,5,0,25.40379,0,34.3006,105.8268
4608,15,20,0,0,10,1,25.38989,0,-3.1713,119.3657
3315,15,60,0,0,1,0,25.38885,10983,-20.0808,148.4796
3319,15,10,3,0,1,0,25.38885,10983,-20.0808,148.4796
3842,15,20,2,0,10,-1,25.38161,629,37.4288,-105.447
2805,15,10,0,0,15,0,25.37485,457326,6.0638,116.2837
2057,15,10,0,0,10,0,25.33635,107157,27.8494,84.61
2441,15,10,0,0,10,0,25.33635,107157,27.8494,84.61
1139,5,10,0,0,25,0,25.30561,212695,-34.2,-71.0167
1543,15,10,24,0,50,0,25.30499,7914,0.4056,29.9166
660,5,10,0,0,10,0,25.30277,3112,44.98,-114.06
6471,5,10,12,0,1,-1,25.29753,629,37.4282,-105.4449
2357,15,10,0,0,5,0,25.28927,200000,28.0579,84.0719
3593,5,10,1,0,50,0,25.26877,0,61.1082,8.1055
5413,5,20,0,0,15,-1,25.24443,0,-33.9038,19.1565
657,15,10,0,0,25,0,25.22042,22903,27.6,87.24
3968,15,20,0,0,5,0,25.20794,0,43.4317,83.2611
4685,15,20,24,0,1,0,25.16431,21044,4.6081,103.2119
1768,15,10,0,0,0,0,25.16,13838,34.4678,76.3778
1769,15,10,1,5,0,0,25.16,13838,34.4678,76.3778
2647,35,80,0,0,5,0,25.15153,94188,24.5478,121.8496
6360,15,10,0,0,25,0,25.14165,21234,-0.9399,36.8168
2328,15,10,0,0,15,0,25.12151,17491,27.1303,87.8711
849,15,0,0,0,15,0,25.11952,40797,-5.33,120.3487
1675,15,10,0,0,1,0,25.10249,147281,-23.0085,-43.527
1588,15,10,0,3,5,0,25.09764,2934,42.6285,44.0874
3346,15,10,2,0,5,-1,25.09618,1554,37.9977,-81.5201
4407,15,10,1,0,50,0,25.02475,55290,25.0951,92.3567
3788,5,20,0,0,0,0,25.00673,0,27.7783,98.4579
5604,5,20,6,5,10,0,25.00358,457326,6.0581,116.2824
6534,5,10,0,0,50,0,24.99424,2324,50.8676,-121.7343
6765,65,0,0,0,10,-1,24.97073,3892,46.7802,-114.4064
3724,15,10,0,6,25,1,24.89224,0,28.9743,83.8713
704,15,10,0,0,50,0,24.89116,18950,12.6445,75.605
12,35,20,0,0,0,1,24.88463,199382,36.3667,52.1042
4980,45,10,1,7,25,0,24.86266,2868,43.5735,-91.2006
2646,5,80,0,0,15,0,24.82418,94188,24.5436,121.8279
1208,15,10,3,23,10,1,24.82337,14540,14.7812,74.499
5496,45,10,1,0,10,0,24.76989,3260,39.5459,-111.1673
6648,45,20,0,0,10,-1,24.76946,1018,47.4294,-121.4248
640,5,10,0,1,1,0,24.76742,2035,36.8,-118.2
4946,15,10,0,0,50,0,24.75992,1495,31.6223,78.0193
5092,15,80,3,3,15,0,24.75888,0,24.4236,121.0135
5201,15,50,0,7,5,0,24.74889,0,34.3106,105.8786
5134,5,10,0,0,5,0,24.70278,6427,39.1808,-107.2396
2524,5,80,0,0,5,0,24.67589,1096,17.1833,-96.1833
5664,15,0,0,2,15,0,24.64437,202796,36.3812,52.8557
4534,25,10,0,0,5,0,24.64059,3260,39.5479,-111.1688
1187,5,10,0,0,5,0,24.6152,2369,56.5692,-132.7348
1980,15,10,7,0,0,0,24.6146,32523,22,92.3333
2637,15,80,0,5,50,0,24.60329,5682,15.9949,121.6164
5344,15,80,4,0,50,1,24.59469,71066,23.6143,110.0501
1619,15,10,0,3,5,-1,24.5628,2056,53.6057,-9.7083
4304,15,10,0,0,1,0,24.56274,1137,46.6007,-116.6566
5257,15,100,1,0,0,0,24.56054,0,35.5099,73.3361
3099,15,10,0,0,25,0,24.55782,725000,34.2256,73.673
2268,35,10,0,0,10,1,24.55402,8708,30.0134,79.9261
1797,15,20,1,0,5,0,24.5498,1214,7.2558,80.3019
1109,15,10,32,3,25,0,24.54328,8364,25.5215,93.1645
4014,15,10,3,0,1,0,24.48479,16225,5.92,-76.2363
1078,35,80,0,0,5,2,24.4598,16597,23.0112,120.666
1994,15,10,0,0,25,0,24.41974,39982,25.0633,92.8025
2140,15,10,18,0,25,0,24.4132,152393,25.0477,92.801
72,5,20,0,2,0,1,24.40903,0,19.2675,104.8433
3674,15,10,0,0,5,1,24.40704,2571,30.0667,79.0193
214,35,20,0,0,50,0,24.38481,0,22.9798,121.1571
246,15,20,0,0,15,0,24.38142,0,23.9,99.0333
4124,15,0,2,0,5,0,24.37519,4154,43.6756,-123.7967
868,15,10,0,2,50,0,24.35615,48824,26.3333,91.25
1631,15,10,0,0,10,0,24.33967,147281,-23.0189,-43.4788
1369,15,20,0,0,10,0,24.29285,23416,29.48,80.94
4493,15,10,0,0,25,0,24.26789,126787,28.1018,102.1778
3885,15,10,0,1,5,0,24.22781,38285,9.4237,76.9371
3886,15,10,0,0,0,0,24.22781,38285,9.4237,76.9371
5319,15,10,9,0,5,-1,24.21776,5366,39.6926,-80.5823
5076,15,20,0,0,5,0,24.17567,2324,27.62,86.84
2718,5,10,0,0,25,0,24.17435,0,9.478,98.9671
2270,5,10,0,0,5,0,24.1344,6427,39.191,-107.2774
6523,15,10,1,0,50,0,24.13398,5427,28.3537,82.6184
843,15,10,0,0,0,0,24.12638,0,31.8833,104.4333
1440,5,10,0,1,10,-1,24.12478,1295,35.774,-120.1521
6324,15,20,0,1,25,0,24.12042,111701,7.2943,80.854
6263,15,60,0,0,0,0,24.11943,3952,33.0365,74.4889
4238,15,0,7,0,25,0,24.11708,4044,-38.2907,177.3655
6589,65,30,0,0,10,1,24.10818,3976,61.0883,-145.91
3025,5,10,5,0,5,0,24.05468,8466,44.1989,-124.113
1225,15,10,3,1,0,0,24.04761,852,27.0524,90.4997
1062,15,100,0,0,25,1,24.0447,1600,28,85.71
5181,15,10,31,0,0,0,24.03472,2571,30.2733,79.233
1793,15,10,0,0,50,-1,24.02148,0,-4.4585,136.8448
6272,15,0,0,0,1,-1,24.01192,1073,1.2628,35.415
2008,15,0,10,0,25,0,24.01037,1035,-41.5681,145.5991
6486,45,40,0,0,0,-1,23.97854,1399814,-0.0718,-78.3774
5864,15,30,0,6,10,1,23.97283,1351,31.8246,77.4702
511,15,20,1,0,50,1,23.9585,50059,-7.6667,111.117
402,15,20,0,0,5,0,23.95847,50059,-7.6667,111.1167
4951,15,10,0,0,15,0,23.95214,9073,29.0697,82.106
1081,5,80,3,0,25,0,23.93529,16597,23.0636,120.6854
3912,15,20,0,0,50,0,23.93526,7121,27.44,92.2833
928,5,20,0,0,10,0,23.92309,18994,15.6433,-88.9667
3334,15,10,0,0,1,0,23.89081,2436,41.5494,-124.0643
3333,15,60,12,0,1,-1,23.87545,2436,41.5504,-124.0611
2179,5,20,0,0,5,0,23.83031,6427,39.1883,-107.2341
4533,25,10,0,0,5,0,23.82853,1247,39.561,-111.1754
3366,15,10,0,0,1,0,23.80944,2436,41.5506,-124.0627
5167,15,10,0,0,10,0,23.80637,0,27.7898,86.3499
2311,15,10,0,0,50,0,23.74406,39058,27.9937,82.4827
5444,15,10,1,0,1,0,23.72041,23296,28.2632,83.3482
1228,15,10,0,0,10,0,23.64711,23416,29.2611,81.1833
3530,15,80,0,0,25,0,23.62322,18668,7.3521,126.1544
5350,25,10,1,0,15,0,23.60286,24085,36.2423,-115.5421
960,5,20,0,0,5,0,23.56917,1191,46.69,-121.063
2272,5,10,3,0,1,0,23.56048,6427,39.1905,-107.2301
389,15,20,3,0,50,0,23.55932,12501,-3.571,38.235
1181,5,10,0,0,10,0,23.55928,2369,56.5561,-132.7269
676,15,0,0,0,10,0,23.54238,1385,49.66,-123.1758
1990,15,10,0,0,15,0,23.52491,40557,20.87,92.5275
4744,15,20,0,0,5,0,23.52067,57408,10.0222,106.5408
3124,15,10,0,0,0,0,23.50893,0,-13.8158,-70.2659
4689,15,20,0,0,25,1,23.50701,24661,0.4671,35.5333
837,15,10,0,0,0,0,23.49217,5385,8.4,-75.899
4971,5,10,0,0,5,0,23.47684,3897,43.3656,-91.218
2968,15,10,6,0,5,0,23.47143,1777,-38.6358,143.8911
5208,15,20,0,0,5,0,23.45041,2000,30.2835,79.2498
213,15,20,0,0,0,0,23.42741,39982,25.2946,92.8339
3683,15,10,0,0,10,0,23.41407,92113,25.8782,94.1739
1795,15,10,0,0,5,0,23.36984,22405,41.1567,48.5798
3979,15,100,1,0,10,0,23.36496,0,28.25,82.7311
1610,5,10,0,0,5,0,23.35226,22405,41.1569,48.58
5429,15,10,0,0,50,0,23.35047,1147,27.3425,88.2426
2969,35,10,16,0,15,0,23.34922,1777,-38.6378,143.8912
311,5,20,1,0,5,0,23.346,37985,22.5333,89.4
5621,5,10,0,3,5,1,23.32778,9383,-6.083,145.1667
5623,5,10,0,0,5,0,23.32778,9383,-6.083,145.1667
5904,15,30,1,0,5,1,23.311,2033,44.3984,-123.7788
3402,5,10,0,0,25,0,23.28202,1884,42.81,-123.0451
1570,15,10,2,0,5,0,23.26062,620,35.5001,-83.9442
758,5,20,3,0,50,0,23.24506,852,27.05,90.8
2091,15,10,2,0,50,0,23.21927,21787,30.6358,77.5435
4385,15,10,0,0,5,0,23.21205,1464,27.7167,88.5577
3092,15,10,5,0,10,0,23.19371,25247,34.0966,73.4995
3717,15,60,0,0,5,0,23.18065,3250,27.2317,86.822
3808,15,10,0,0,0,0,23.18065,3250,27.2317,86.822
3644,5,10,0,0,15,0,23.13385,33195,36.25,137.65
1289,15,10,0,0,5,0,23.04808,6494,10.3018,77.1711
3707,15,20,0,0,25,0,22.99739,7750,34.1601,75.496
5390,25,10,0,0,25,0,22.93764,2129,39.4714,-111.1546
6260,25,20,0,0,10,0,22.92894,2830,50.6082,-118.8419
4532,25,10,0,0,5,0,22.92807,1247,39.572,-111.1821
6113,5,10,12,0,50,0,22.92034,1800,51.8912,102.4276
2237,15,10,5,0,10,0,22.91438,0,31.5423,104.1298
4488,15,10,0,0,5,0,22.89633,33408,9.5527,76.9299
5730,15,0,7,0,1,0,22.89616,1394,37.8765,-81.5076
641,15,10,0,0,5,1,22.85309,0,22.47,102.62
1494,15,60,0,0,15,0,22.84466,25247,34.0952,73.4942
5504,5,10,0,0,10,0,22.84271,14206,43.2804,-115.4953
3613,15,10,0,0,0,0,22.81201,0,26.0349,101.4586
5179,15,10,8,0,5,0,22.80443,2571,30.262,79.2191
6595,15,0,0,0,5,0,22.78918,366229,4.0072,103.2747
44,15,10,4,0,50,-1,22.77523,1115,38.705,70.126
4275,15,0,1,0,1,0,22.75412,2564,-20.9733,148.9689
3562,15,10,0,0,5,0,22.75221,33408,9.6326,76.9792
2075,15,10,3,0,5,0,22.75012,1100,-36.7109,146.9226
6170,5,80,0,4,50,0,22.74993,0,24.4267,98.5852
483,15,20,0,0,25,1,22.72797,100996,21.85,108.45
5298,5,10,0,3,1,0,22.72704,14138,39.7573,140.7185
28,15,20,0,0,50,1,22.71493,111461,-7.28,110.141
3779,15,10,0,0,0,0,22.71111,21867,27.8871,83.9704
4389,15,10,0,0,25,0,22.68232,0,24.2607,120.94
4109,45,10,0,0,5,-1,22.66519,1789,19.9893,-155.2478
5941,15,10,0,0,10,0,22.61245,9834,47.4174,-123.1316
5337,15,20,0,0,5,0,22.58609,33748,26.4205,94.9731
5421,5,0,0,0,5,0,22.58609,33748,26.4205,94.9731
1816,5,10,0,0,5,-1,18.27072,2237,37.034,-83.1816
5176,15,10,1,0,1,0,22.58549,2571,30.1944,79.1939
902,15,10,0,0,50,0,22.56345,5682,16.0769,121.7536
6664,15,10,0,0,5,0,22.56101,7850,15.7318,-90.8924
2271,5,10,1,0,1,0,22.55763,6427,39.1994,-107.2271
4888,15,10,0,0,15,0,22.53996,71585,5.8544,116.2981
1892,15,10,3,0,0,0,22.53724,16678,3.8844,-72.9175
5917,5,60,2,0,5,1,22.52336,81,37.3486,-83.4771
694,5,20,2,0,5,0,22.50782,6427,39.2,-107.23
5079,5,20,0,0,1,0,22.49568,47663,24.3901,87.4255
4078,5,10,0,0,5,-1,22.47289,19056,10.0876,-61.8642
5364,15,20,0,0,1,0,22.46319,32684,35.4608,-118.7773
1591,15,10,0,0,1,0,22.45613,2264,34.0844,-87.104
2698,15,10,0,0,50,0,22.43838,0,17.8101,120.9319
5654,15,90,4,0,0,0,22.39626,12524,0.2417,35.6614
179,15,20,5,0,0,0,22.39321,47571,29.5333,80.4333
265,15,20,0,0,15,0,22.39321,47571,29.5333,80.4333
895,5,10,2,0,1,0,21.95342,1855,44.772,-122.202
4905,15,0,3,0,25,0,22.32574,33748,26.0977,94.7031
6735,15,60,0,0,50,-1,22.32368,34877,9.5685,-83.7507
187,15,20,0,0,5,0,22.31062,2868,43.596,-91.2256
6719,25,20,0,0,25,0,22.27822,77650,5.4992,116.2805
5380,15,80,6,0,50,0,22.23198,0,24.684,121.1483
2955,15,10,7,0,5,-1,22.19533,9532,-27.3865,152.7853
5445,15,10,3,0,25,0,22.19436,23296,28.3328,83.3742
5859,65,0,0,2,25,1,22.16606,1081,45.1623,-117.3062
2208,15,10,0,0,5,1,22.1454,37475,34.2116,77.3504
6069,15,20,0,0,25,0,22.10429,0,28.0054,82.68
6070,15,20,0,0,25,0,22.10429,0,28.0054,82.68
2267,15,10,6,0,25,0,22.09211,75986,17.0661,73.5027
2403,15,10,0,0,5,0,22.08601,1600,27.7773,85.8416
4214,15,10,1,0,5,0,22.08133,71522,-7.5958,111.1281
5713,5,90,0,2,5,0,22.07271,6758,29.3577,80.3109
2566,5,10,3,0,5,0,22.04313,92113,25.4769,94.1351
4358,15,10,0,0,10,0,21.9547,5745,10.1981,-84.0074
5068,15,20,0,0,5,0,21.92126,2000,30.3629,79.2143
6460,45,0,0,0,50,0,21.90961,76341,24.544,85.3492
2576,15,10,0,0,10,0,21.89269,92113,25.4788,94.1399
2426,15,10,0,0,25,0,21.89059,52728,22.7176,92.8416
2386,15,10,91,0,5,0,21.83272,2090,15.58,-90.85
2343,15,10,0,0,5,0,21.83054,92113,25.4786,94.1327
4531,25,10,0,0,5,0,21.80213,1247,39.5828,-111.1921
3639,15,80,0,0,0,0,21.8006,4463,21.9814,-104.8381
5185,5,10,1,0,5,-1,21.79988,1592,39.7447,-80.6094
3020,15,10,2,0,10,0,21.79197,4154,43.7905,-123.8551
5059,5,10,0,0,5,0,21.76837,1770,36.7025,-105.3514
607,15,10,0,0,10,0,21.7477,2312,6.09,122.08
2440,15,10,0,0,15,0,21.72471,13865,30.7412,79.4929
3749,15,10,4,0,25,0,21.72471,13865,30.7412,79.4929
5226,15,10,0,0,25,1,21.70382,44563,16.6803,98.3667
2099,15,100,0,0,50,0,21.69222,20908,29.0399,81.7191
6732,15,0,1,0,5,-1,21.68956,31965,-7.4651,109.6496
2373,15,10,1,0,5,0,21.68616,1600,27.7838,85.8369
3985,15,10,0,0,25,0,21.67452,34877,9.251,-83.8591
3199,5,10,0,0,25,0,21.60764,3243,7.1916,126.1086
3394,15,10,0,0,25,1,21.60764,3243,7.1916,126.1086
3002,5,10,0,0,5,0,21.59806,9834,47.4074,-123.1412
5845,15,10,2,0,25,1,21.59577,1074,-17.2353,-66.532
1796,15,10,0,0,5,0,21.58556,22405,41.2092,48.6742
4928,15,20,1,0,25,0,21.58422,2571,30.4619,79.0765
4499,15,10,0,0,5,1,21.5585,14047,34.5847,73.3731
4063,15,10,1,0,1,0,21.51883,1555,47.6941,-115.9317
6562,15,100,0,0,10,-1,21.50235,92990,-7.2954,109.7188
6454,15,60,3,0,5,0,21.49066,4000,27.8953,85.6016
6503,15,100,0,14,10,0,21.46047,92990,-7.2964,109.7189
415,15,20,0,0,5,-1,21.45985,8466,44.0302,-123.8405
6292,15,60,0,0,5,-1,21.45798,31091,25.7238,89.9032
1828,5,10,2,0,5,-1,21.45604,1414,37.3212,-82.3434
5115,5,10,5,0,1,0,21.43097,1626,38.9231,-111.2493
2038,15,10,0,0,50,0,21.3784,0,-4.3256,103.1797
2273,5,10,0,0,1,0,21.37674,6427,39.2105,-107.2343
6187,15,60,0,52,0,1,21.34657,1600,27.7702,85.8692
1824,45,10,0,0,1,-1,21.31051,777,37.3685,-82.7434
3971,5,20,1,0,5,-1,21.30698,6130,57.6111,-152.2806
5148,15,40,0,0,10,0,21.30157,26550,-41.7073,173.9339
5601,5,80,3,0,0,1,21.2957,0,16.0774,121.7692
4821,15,20,0,0,10,1,21.26652,165216,0.7793,-79.5864
3753,15,10,0,0,25,0,21.25698,59914,34.8679,126.991
5275,15,100,2,0,10,0,21.25445,34021,26.1498,94.6055
215,15,20,0,0,50,0,21.1995,92113,25.7428,93.9136
3559,15,20,0,0,50,0,21.17342,25753,30.4783,78.2741
2147,15,10,0,0,25,0,21.13224,23296,28.3034,83.3773
5995,15,20,0,0,5,0,21.08993,5706,45.9111,-74.4678
5683,15,90,0,4,1,-1,21.086,8330,15.7051,74.2197
766,15,20,0,0,10,0,21.06972,0,28.03,84.2945
6384,55,0,0,1,50,0,21.05266,0,34.7982,71.3823
574,35,20,0,0,50,0,21.03652,17043,26.7969,89.591
3837,15,10,0,0,50,0,21.03239,58851,26.5836,93.0038
3056,15,10,0,0,1,0,20.99224,19151,4.679,114.5042
2185,5,10,1,0,5,0,20.97634,2602,39.068,-106.3538
6771,15,10,0,0,1,0,20.93829,2732,50.9749,-119.1813
205,15,20,3,0,50,0,20.91766,0,28.0877,83.0971
699,5,20,1,0,25,1,20.86561,6483,9.833,-3.1
6726,15,10,0,0,5,0,20.86345,0,0.911,123.0805
6426,55,0,0,0,0,1,20.84698,0,33.0119,97.141
4967,15,10,2,0,5,0,20.76461,1073,1.4145,35.3574
3075,15,10,0,0,50,0,20.73881,6193,8.572,125.4908
5703,15,20,0,0,50,0,20.72539,8201,-19.6168,-40.8262
4898,15,10,6,1,0,0,20.7206,17567,16.2109,101.0521
4189,15,20,0,0,5,0,20.7159,0,36.1207,103.3173
3431,5,40,9,0,5,0,20.71089,61696,-39.7902,176.989
3584,15,10,0,0,0,0,20.68378,0,28.8848,113.5538
2249,15,10,0,0,25,0,20.67617,33748,26.0814,94.803
2003,15,10,2,0,50,0,20.6712,5822,17.8975,73.2961
2465,15,10,0,0,25,0,20.66785,6206,31.4161,77.4153
3703,15,10,0,0,5,0,20.64138,21867,28.0537,83.961
3790,15,20,0,0,5,0,20.64138,21867,28.0537,83.961
6028,5,20,0,0,5,-1,20.62473,7042,37.9425,-79.5653
6147,15,20,1,0,1,-1,20.57911,1177,49.8153,-102.3192
992,15,10,4,0,50,1,20.55846,0,-13.917,-70.233
1347,15,10,0,0,5,0,20.53377,19294,6.022,116.4916
6573,15,0,20,0,25,-1,20.52876,20178,36.9338,138.6578
671,15,10,0,0,25,0,20.52282,0,22.75,104.48
4662,15,20,0,0,25,0,20.50655,28571,7.5694,80.5284
2406,15,80,4,0,0,0,20.50452,109584,22.7708,120.9452
3213,5,10,2,0,5,0,20.49482,3931,47.4705,-123.0976
2434,15,10,0,0,0,0,20.45884,23693,27.8808,83.3395
5487,15,0,0,0,5,0,20.45301,1600,27.772,85.9052
4723,15,20,0,0,25,1,20.45203,620,35.3368,-84.0317
2976,15,10,0,0,10,0,20.44529,153361,-22.2173,-42.7169
4135,15,20,0,0,0,0,18.08611,55835,10.4066,99.0412
1380,15,10,0,0,10,0,20.42799,20214,-37.5803,145.2737
3489,15,10,0,0,50,0,20.40835,11129,38.6451,-82.4937
1934,15,10,0,0,25,0,20.39416,31031,24.6005,92.3814
3024,5,10,8,0,5,0,20.37093,8925,44.3982,-122.4805
4690,15,20,2,0,5,1,20.35651,24661,0.3756,35.6013
4691,15,20,0,0,5,1,20.35651,24661,0.3756,35.6013
4692,15,20,3,0,5,1,20.35651,24661,0.3756,35.6013
4693,15,20,0,0,5,1,20.35651,24661,0.3756,35.6013
4948,5,10,0,0,5,0,20.35052,0,33.8724,109.9404
4572,15,10,0,0,25,0,20.34474,37787,30.4581,68.4119
1394,5,10,0,0,10,-1,20.3431,3931,47.4697,-123.0957
6186,5,60,20,0,1,1,20.34161,25997,19.162,73.6873
6189,15,60,3,0,25,-1,20.3079,22264,19.1497,83.6299
596,5,20,0,0,5,0,20.30664,23949,-30.4489,30.6551
5081,15,10,0,0,5,-1,20.26585,2450,40.6558,-105.3742
4005,15,10,0,0,25,1,20.25692,240387,3.8581,-76.8501
2257,15,10,0,0,25,0,20.25214,13865,30.7284,79.4971
2943,15,0,0,0,1,0,20.25209,4598,49.5638,-121.4083
1172,15,10,0,0,1,0,20.24712,89201,11.2695,76.2227
5312,15,10,0,0,10,2,20.23756,8494,26.7103,94.693
4468,15,10,0,0,5,0,20.20958,28313,11.405,76.0376
548,15,10,0,0,25,0,20.17688,27595,-34.103,-70.4516
4906,15,0,4,0,10,0,20.17679,33748,26.0977,94.7499
555,5,20,2,0,10,-1,20.14967,6658,39.3707,-106.7839
6457,25,10,0,0,10,0,20.13346,2369,56.2908,-132.3459
6793,15,0,0,0,5,0,20.12505,0,-0.6086,103.3535
1379,15,10,0,0,10,0,20.11165,20214,-37.5947,145.2842
3141,15,10,5,0,50,0,20.09961,2000,30.4749,79.2293
5244,15,10,1,0,5,0,20.08769,13838,34.4332,76.2851
6166,5,10,0,0,10,-1,20.08692,3429,33.3124,-116.5799
4530,5,10,0,0,25,0,20.08419,0,23.2349,101.7673
5409,15,10,0,0,0,0,20.0841,0,24.1046,108.0198
4162,5,20,1,0,5,0,20.0813,4584,44.5694,-123.617
6557,15,0,0,0,5,0,20.08092,44632,27.8315,85.1638
4165,15,10,0,0,50,0,20.07683,0,-1.0478,102.9334
2702,15,10,0,0,15,0,20.07161,146771,11.989,108.9881
2690,15,80,0,0,15,0,20.06633,3850,8.9896,-83.3438
6729,15,10,0,3,5,0,20.0553,7630,30.6218,67.3799
1984,15,10,7,0,50,0,20.04528,0,28.0731,119.133
782,35,20,0,0,25,0,20.03394,232566,36.23,111.38
4187,15,20,5,0,1,-1,20.03024,9834,47.3927,-123.1452
2117,15,10,5,0,50,0,19.99953,548,27.8122,89.9019
2712,15,10,0,0,50,0,19.99817,0,9.5009,98.9984
2792,15,60,0,0,50,0,19.99817,0,9.5009,98.9984
4290,5,10,0,0,5,-1,19.97241,2126,48.2797,-117.2665
5258,15,100,6,0,0,0,19.95161,0,35.4825,73.9015
4352,15,10,2,0,25,0,19.94155,19294,6.0211,116.497
858,15,10,0,0,50,0,19.9238,13565,33.6549,74.6326
3224,15,10,0,0,25,0,19.90301,2033,44.4017,-123.8213
5639,15,0,0,0,10,0,19.90096,432149,12.8446,7.7094
4256,15,10,0,0,0,1,19.85816,44751,-0.7416,-79.9205
993,15,10,1,0,10,0,19.85325,18503,-6.084,145.208
531,15,10,4,0,0,2,19.83256,0,31.2922,103.2827
3723,15,20,0,0,50,0,19.81345,0,8.6815,-70.7016
5122,5,20,2,0,50,0,19.79639,92113,25.7658,93.9413
3803,15,20,0,0,25,0,19.78507,74,47.4074,-102.7912
478,15,20,0,0,50,0,19.77354,95913,-2.233,101.4173
3487,15,10,0,0,10,-1,19.76853,11129,38.6743,-82.5388
2126,5,20,3,0,50,0,19.7613,0,-3.644,126.6609
6550,15,10,0,2,5,0,19.75513,1600,27.8609,85.7763
3666,15,60,0,0,25,0,19.7008,8341,32.4318,77.2147
4151,55,10,4,0,5,-1,19.686,4154,43.6572,-123.8607
1115,15,10,0,0,5,0,19.68409,16905,29.0958,80.3125
4739,15,20,1,0,5,0,19.67416,8186,-6.0609,142.8548
5085,15,10,0,0,5,0,19.66637,329207,39.0555,127.2536
421,15,20,0,0,5,0,19.66263,8402,5.3,5.8167
6209,5,0,0,0,50,-1,19.64076,1235,20.6347,-156.1258
5488,15,0,0,0,5,0,19.63536,1600,27.7757,85.9614
5734,15,10,0,0,10,0,19.6315,570407,1.3745,110.36
2372,15,10,0,0,5,0,19.61898,4000,27.8916,85.5036
5316,15,80,3,0,10,0,19.61386,0,18.9741,101.1358
6623,45,0,0,2,50,0,19.61309,1111,34.4943,71.2562
3706,15,10,0,0,50,0,19.5817,0,31.1532,103.5154
1119,5,10,0,0,10,0,19.56713,1297,54.7111,-8.722
5219,5,10,0,0,25,0,19.55437,2450,40.6875,-105.3546
5331,15,10,6,0,15,0,19.55093,8101,33.0498,74.6264
2742,15,10,2,0,15,0,19.54581,1355,10.1433,-83.9529
5197,15,60,0,0,5,0,19.53038,17123,30.8203,78.6185
5837,15,10,0,0,1,0,19.52666,111461,-7.2986,110.1775
1786,15,10,8,0,15,0,19.51432,1355,10.1452,-83.9564
4932,15,10,0,0,0,0,19.51283,6206,31.348,77.4614
824,15,10,0,0,25,0,19.51263,40557,20.8605,92.489
1220,35,10,0,0,50,0,19.50614,0,-5.5208,104.448
5483,15,10,0,0,15,0,19.50083,5204,42.2322,-111.7272
3580,5,80,0,0,50,0,19.48276,2402,12.902,120.9867
4408,15,10,0,0,0,0,19.46712,132842,25.5498,92.0757
252,15,20,0,0,25,0,19.44563,92113,25.4993,94.1192
2241,15,10,0,0,5,0,19.4259,17123,30.8183,78.6186
2292,15,10,0,0,5,0,19.4259,17123,30.8183,78.6186
2954,15,100,2,0,5,0,19.41723,111701,7.4695,80.6121
3836,15,80,8,0,0,0,19.41353,6361,21.7595,-104.8334
505,15,20,0,0,10,-1,19.38803,77366,-17.9665,178.4367
141,15,20,0,0,50,0,19.36242,11090,25.38,91.88
2873,5,10,0,0,5,-1,19.35795,24085,36.0185,-115.5073
2176,15,20,1,0,5,0,19.34853,23384,15.9517,73.9958
5610,15,10,0,0,5,0,19.34759,19668,6.6218,9.3405
1996,15,10,3,0,25,0,19.34297,33748,26.4333,94.8833
2684,15,80,0,0,50,0,19.28722,4350,9.6227,-83.8359
2574,15,10,0,0,50,0,19.26104,8364,25.4749,93.1477
1852,15,10,0,0,25,0,19.23548,0,0.883,34.5188
4542,15,10,0,0,10,0,19.23163,20410,-30.05,30.8833
6,15,20,0,0,50,0,19.21263,0,33.5452,73.7062
5017,15,10,5,0,15,0,19.20969,8330,15.4123,74.2664
4753,15,20,6,0,5,0,19.2089,111701,7.4685,80.6201
2293,15,10,3,0,50,0,19.20175,17123,30.7221,78.6437
5691,45,50,0,0,1,0,19.18959,2726,37.1629,-113.0508
5358,15,20,0,0,0,0,19.1892,3348,30.6639,78.0574
4176,15,10,4,0,25,1,19.18103,14596,-17.5018,177.8515
4814,15,20,0,0,10,0,19.18035,20280,35.005,137.9084
4155,15,20,0,0,5,-1,19.17647,8466,44.041,-123.8748
1485,15,10,0,0,5,0,19.17,2203,37.3298,-82.7228
1549,15,10,0,0,5,0,19.16932,10442,42.6309,42.8299
2399,15,10,0,0,25,0,19.16407,1600,27.8143,85.8315
5225,5,10,0,0,5,-1,19.16082,17123,30.819,78.6149
6294,15,60,0,0,10,0,19.15652,27792,33.3551,74.5128
2467,15,10,0,0,25,0,19.15474,2865,30.7198,77.1695
4876,15,20,3,0,0,0,19.14549,10414,35.8562,74.5101
6725,15,10,0,0,5,1,19.10651,0,0.9039,123.0963
3082,15,10,0,0,50,0,19.09736,111701,7.4678,80.6241
4122,15,10,0,0,5,-1,19.06444,8466,44.0428,-123.8772
1932,15,10,0,0,50,0,19.05278,61881,22.9183,110.9949
6555,15,20,2,0,5,0,19.04434,4000,27.8868,85.5107
6438,15,20,1,0,10,1,19.02592,92990,-7.3674,109.7303
5338,15,20,0,0,15,0,19.00178,19672,26.8727,94.9275
5648,15,20,0,0,10,0,18.99937,29885,-34.2232,18.8279
1865,15,10,0,0,15,0,18.99439,1663,-41.3874,172.8235
4113,15,10,1,0,25,0,18.98193,0,6.05,124.9167
6773,15,10,5,0,15,-1,18.97715,111701,7.1855,80.7675
1766,15,10,0,0,15,0,18.9573,10116,-0.3536,34.8078
351,15,20,4,0,25,0,18.94494,22179,6.1454,80.4119
6352,5,20,2,0,25,0,18.94146,19294,6.0202,116.4955
4651,15,20,0,0,25,0,18.93417,2514,42.899,-124.0854
3362,15,10,0,0,5,0,18.91189,10191,6.8111,-75.5097
54,15,80,0,0,0,0,18.90987,27949,-16.5834,179.4221
3222,5,10,0,0,5,0,18.90326,3931,47.5147,-123.0597
4817,15,20,2,0,25,0,18.90016,47795,-0.1799,36.5229
1833,15,10,0,0,5,-1,18.8887,2165,38.615,-82.4835
5567,15,0,0,0,25,0,18.88181,17123,30.6004,78.3154
444,15,20,0,0,10,0,18.87043,16930,29.7,67.3833
60,15,20,0,0,15,1,18.85719,19783,31.747,35.5915
2263,15,10,0,0,25,0,15.67627,34021,26.2753,94.6654
266,5,20,10,0,10,0,18.8488,0,8.5695,98.2559
3068,35,80,3,0,10,0,18.84621,8907,-36.7929,175.0955
804,15,20,17,0,15,0,18.83135,32162,30.7,77.08
2048,15,10,0,0,25,0,18.82784,14182,32.6598,76.853
4625,15,20,1,0,1,0,18.79737,1392,46.3662,-123.8109
3266,5,10,5,0,25,0,18.78243,1035,37.6782,-119.7758
3320,5,10,0,0,15,0,18.77513,0,6.0522,124.9168
312,15,20,0,0,0,0,18.76169,0,15.6045,107.9408
6604,15,10,0,0,5,0,18.73207,77366,-17.9984,178.5358
491,15,20,3,0,5,0,18.72748,8465,38.9716,-90.4312
382,35,20,1,0,5,0,18.71757,4154,43.6768,-123.8673
4019,15,10,2,0,5,0,18.71719,25436,9.9903,76.7898
1827,5,10,3,0,1,-1,18.71035,1090,37.5339,-82.0999
2390,15,10,1,0,50,0,18.69147,17123,30.796,78.623
2697,15,10,1,0,15,0,18.66026,0,16.3071,121.9836
5161,15,10,5,0,25,0,18.65926,23693,27.9706,83.397
6000,15,60,2,0,5,-1,18.65721,0,-0.0406,100.0614
759,15,10,0,0,25,0,18.27682,70783,27.2717,112.2414
245,15,20,0,0,50,0,18.64547,44632,27.5964,85.1114
2973,5,10,8,0,10,0,18.63902,123979,-22.3165,-42.8167
3618,15,10,3,0,5,0,18.63766,1495,31.5639,77.9798
3880,15,20,0,0,15,1,18.62652,2402,12.8836,120.9877
5339,15,80,0,0,0,0,18.61764,0,23.5134,111.0843
5340,15,80,0,0,0,0,18.61764,0,23.5134,111.0843
516,35,0,0,0,25,0,18.59541,17748,33.1463,75.7454
2457,45,10,1,0,5,0,18.5879,1495,31.563,77.9796
3696,15,20,0,0,0,-1,18.58566,128531,13.1819,76.1147
6349,5,20,0,0,0,0,18.57265,0,35.7508,68.8479
233,15,20,0,0,15,0,18.57097,4000,27.7667,85.7
2960,15,10,0,0,5,0,18.5697,9532,-27.3776,152.8211
5895,15,0,0,0,5,0,18.55899,1296,56.2453,-4.8893
1304,15,10,0,0,5,-1,18.5514,3931,47.4997,-123.0626
5420,5,20,0,0,0,0,18.54588,36441,36.1054,-115.8215
2984,5,10,1,0,25,1,18.53508,11555,-22.0811,-42.6935
6220,5,20,0,0,5,-1,18.52606,1296,56.2456,-4.8841
5031,15,20,0,0,1,-1,18.50736,7609,35.078,-82.808
3011,15,10,0,0,1,-1,18.46812,14095,45.5758,-122.117
1721,15,10,1,0,5,0,18.45215,147281,-22.9638,-43.4762
4220,15,10,2,0,50,0,18.44529,1296,56.2451,-4.8814
3242,35,10,53,23,5,0,18.4244,4407,36.3777,-121.8963
2654,15,10,0,0,15,0,18.41892,8571,9.8678,76.7705
3532,35,10,0,0,10,0,18.40848,39982,25.0888,92.8551
5322,15,100,0,6,1,0,18.403,0,27.4907,86.1078
5196,15,60,0,0,0,0,18.4002,17123,30.8928,78.48
5198,15,60,0,0,0,0,18.4002,17123,30.8928,78.48
6320,15,10,6,0,0,0,18.36876,5427,28.3921,82.4696
5461,5,20,0,0,5,0,18.36591,1191,46.822,-120.9207
6399,15,0,1,0,0,-1,18.35246,14095,45.5764,-122.1152
4575,15,10,0,0,5,0,18.34452,2450,40.5733,-105.343
3113,15,10,3,0,25,0,18.34095,3857,33.577,74.1872
1260,5,20,0,0,5,-1,18.30722,2169,27.3144,89.545
6825,5,20,0,0,10,0,18.30387,2406,37.4076,-81.7889
3155,15,10,0,0,5,-1,18.25439,4154,43.6511,-123.8817
3654,15,10,0,0,0,2,18.25143,109400,27.4761,103.763
4123,15,10,0,0,10,-1,18.24607,1045,44.081,-122.7513
2119,15,10,1,0,15,0,18.24323,10718,16.5676,73.6608
594,5,100,0,0,25,0,18.23429,223523,24.9336,93.8275
935,15,10,2,0,25,0,18.21063,0,-7.8313,111.8408
2010,5,10,10,0,5,-1,18.20633,2868,43.6229,-91.2718
3070,15,80,0,0,0,0,18.19906,2799,-35.3258,173.6835
801,15,10,0,0,0,0,18.1822,31381,28.51,81.48
5039,5,10,3,0,0,0,18.17904,0,29.8901,95.5728
4213,15,10,0,0,5,0,18.17312,32378,-7.6149,111.0578
6522,15,20,0,0,10,0,18.16035,107157,27.737,84.6073
4571,15,10,2,0,10,1,18.14812,1464,27.6558,88.605
3494,5,10,0,0,5,-1,18.14779,13663,40.0205,-80.3194
603,15,10,1,0,10,0,18.14411,38006,32.2667,130.9333
3077,15,10,5,0,50,0,18.13295,392288,5.7515,117.9802
37,15,20,0,0,25,0,18.10887,14711,33.8778,74.3333
5336,15,20,0,0,10,0,18.0996,33748,26.3897,94.9439
2146,15,10,0,0,25,0,18.07551,200000,28.2649,83.7843
2178,15,10,1,0,10,1,18.05938,0,35.049,72.7541
1405,15,10,0,0,25,0,18.05725,3970,4.5864,115.1648
2918,5,10,1,0,1,-1,18.05557,1035,37.6782,-119.7669
6546,15,60,0,0,5,0,18.04724,23296,28.1296,83.5004
584,15,20,11,0,50,1,18.02727,0,37.7356,111.3054
4435,15,10,0,0,10,1,18.01926,24428,27.174,95.8011
1296,15,40,0,0,10,0,18.00524,3981,8.8021,-83.1335
545,5,90,0,0,50,0,17.99274,152393,24.9849,92.8411
1102,15,10,1,0,10,0,17.99072,1035,27.2644,88.1365
1254,5,10,0,0,5,0,17.97976,94188,24.652,121.6175
2142,5,10,0,0,5,0,17.96218,1320,38.0053,-108.0383
2428,15,10,0,0,5,0,17.95909,47571,29.477,80.3491
3852,25,10,0,0,0,-1,17.95414,1297,32.6209,-107.9645
2500,15,10,1,0,5,0,17.94127,75996,-40.3271,175.8188
6566,15,10,0,0,1,0,17.9369,9446,32.6188,75.3504
2294,15,10,0,0,0,0,17.9174,2571,30.3846,78.8371
3848,5,10,0,0,5,0,17.8961,0,16.957,121.3328
5452,25,10,0,0,1,0,17.8944,1191,46.8137,-120.9241
1279,15,10,0,0,15,0,17.88207,10000,27.5,85.35
5700,15,60,0,4,10,0,17.87536,31965,-7.5856,109.6747
1866,5,10,4,0,10,2,17.85567,144124,-1.5253,29.2908
2966,15,10,0,0,5,0,17.84206,1777,-38.6763,143.8478
3828,15,20,1,0,25,0,17.84044,4038,51.2585,-116.7219
2309,15,10,1,0,25,0,17.82322,13865,30.4238,79.6724
5199,15,60,0,0,1,0,17.77912,17123,30.7866,78.6171
1255,5,20,0,0,1,0,17.77904,1191,46.8144,-120.921
670,15,10,2,0,50,0,17.76239,84625,36.98,128.66
5974,5,70,0,0,1,-1,17.76097,16752,37.8505,140.9505
3184,15,10,0,0,15,0,17.7442,16152,-25.572,-48.7906
5216,15,20,0,0,0,0,17.74135,2112,36.2204,-81.4311
3916,5,10,0,0,10,0,17.73969,135860,25.7713,93.8067
784,45,60,0,0,10,0,17.73757,1335,-32.7928,149.7952
3608,15,10,1,0,25,0,17.72737,0,41.9757,44.8448
5187,45,10,0,0,5,-1,17.70621,25997,19.3379,73.7767
5189,45,10,0,0,5,0,17.70621,25997,19.3379,73.7767
2617,15,80,0,0,25,0,17.68296,0,18.418,121.0613
6346,15,0,0,0,50,0,17.66713,1900,-17.0664,-67.6635
3214,5,10,0,0,0,0,17.65936,1126,46.6163,-122.4897
556,15,80,1,0,0,0,17.65521,4108,10.4024,-85.3555
6596,15,10,0,0,5,0,17.64843,91845,-6.7022,106.981
4020,15,10,4,0,1,0,17.63696,75996,-40.3348,175.8168
4746,15,20,1,0,5,0,17.59856,61642,34.637,46.9313
1598,15,10,0,0,25,0,17.58609,0,-3.6945,102.4206
1308,5,10,0,0,5,0,17.58234,9834,47.3681,-123.1595
2419,15,10,26,5,5,0,17.57791,1296,56.2365,-4.8875
5971,5,10,0,7,1,1,17.57401,1347,48.2775,-121.8359
4972,5,10,0,0,10,-1,17.52573,2598,43.1925,-75.021
2869,45,10,13,0,50,0,17.49823,1048,34.3,-117.9249
3643,15,10,1,0,5,1,17.49816,1035,27.2879,88.2579
6063,15,10,2,0,15,-1,17.49205,23416,29.2983,80.7651
2736,15,10,0,0,5,0,17.48659,6224,5.45,-75.0167
2229,15,10,0,0,50,0,17.46994,27611,30.5151,78.3684
6013,5,20,0,0,25,-1,17.40392,14138,39.6844,140.7284
1065,15,100,12,3,50,0,17.40134,21867,28.1046,83.8791
1367,5,10,0,0,1,-1,17.4013,2175,31.1345,-89.2276
1415,15,10,1,0,15,0,17.37842,64409,4.8333,114.8333
6577,15,20,0,0,10,-1,17.37798,8466,44.138,-124.1248
1247,15,80,0,0,5,0,17.37358,0,18.4293,121.0796
2182,15,20,0,0,25,0,17.36482,223523,24.9356,93.8443
1475,15,10,0,0,25,0,17.36463,20553,33.1595,75.8011
2103,15,10,0,0,50,0,17.36162,8198,29.9862,78.6115
6133,15,20,1,0,15,0,17.35303,0,19.3062,101.1732
6645,15,0,0,0,5,0,17.35116,200000,28.3511,84.1176
5388,15,20,1,0,15,0,17.35105,1100,-36.8642,147.2871
472,15,20,0,0,10,0,17.34318,53177,-9.2114,-76.1311
5457,25,10,0,0,1,0,17.31641,1553,47.298,-120.1048
6579,5,20,2,0,50,1,17.31514,3120,1.8362,-76.9857
3932,15,100,0,0,0,0,17.31317,92113,25.83,94.13
1140,5,10,0,0,5,0,17.29836,66226,18.9523,-72.7053
4540,5,10,68,0,1,0,17.28931,15000,-29.7826,30.8331
2498,15,10,0,0,10,0,17.28752,397515,25.222,121.6048
5575,5,60,0,0,5,0,17.27342,92113,25.8266,94.1497
6508,75,10,0,0,5,0,17.26708,1176,43.1888,-110.9541
6597,15,10,0,0,5,0,17.25733,91845,-6.681,106.9754
4449,15,10,0,0,5,0,17.25367,2667,56.4567,-6.0505
6348,15,90,1,0,5,-1,17.24601,366229,3.9433,103.2131
2962,15,10,5,0,25,0,17.23264,19092,10.166,-83.9356
5732,65,55,1,2,1,0,17.23167,1600,44.2637,-71.3026
4440,15,10,2,0,5,1,17.2008,1639,46.3029,-67.5221
5294,15,100,0,0,25,0,17.19198,25436,10.3031,76.7604
5454,5,10,0,0,1,0,17.18941,3652,47.8907,-117.6865
1412,15,20,1,0,5,-1,17.18893,19038,47.9699,-123.4961
4286,15,20,1,0,5,-1,17.1784,1133,42.6118,-124.3924
743,5,20,0,0,5,0,17.16659,1646,39.2228,-105.1865
3909,15,10,0,0,0,1,17.12668,21446,26.0765,68.5034
2560,15,10,0,0,50,0,17.11059,2005,36.4628,74.6191
1213,15,10,1,0,10,0,17.10449,29602,11.4816,75.9957
3963,15,20,5,0,1,-1,17.08775,26665,18.234,73.4519
5320,15,10,0,0,5,0,17.08724,17123,30.6014,78.3449
3888,15,10,7,0,5,0,17.08273,8160,31.2403,77.9258
709,15,20,0,0,50,0,17.06892,24931,12.845,75.66
3497,5,20,0,0,5,-1,17.06401,1191,46.8077,-120.9174
1811,15,10,1,0,50,0,17.05804,6317,-1,36.7667
86,5,10,0,0,0,0,17.03062,66442,26.443,111.792
1831,15,10,0,0,5,0,17.02627,11129,38.6331,-82.5309
3558,15,20,0,0,15,0,17.01484,7725,30.9206,78.3276
1851,15,10,0,0,25,0,17.00845,15287,-0.4814,37.1285
586,5,40,8,0,25,1,16.99847,76312,38.7175,141.0151
4757,15,20,0,2,5,0,16.99553,25581,28.1193,95.1645
4676,5,20,15,0,10,0,16.99385,6624,38.49,-122.1605
6512,15,0,1,0,10,0,16.98008,44632,27.5742,85.1509
18,15,20,6,0,0,0,14.94244,2000,-13.268,-72.4005
5868,15,10,2,12,10,1,16.97776,1091,1.6818,-77.7319
4382,15,10,0,0,5,0,16.97606,39982,25.1175,92.8573
6819,5,20,0,0,10,0,16.94705,3191,37.6322,-82.0927
4094,15,10,12,0,1,1,16.94642,5976,5.4958,-75.0144
5047,15,10,4,0,1,0,16.94505,5233,31.8795,76.9161
4487,15,10,0,0,25,0,16.92829,17123,30.6179,78.3233
1037,5,10,2,0,5,0,16.91825,12311,26.89,88.47
4579,15,10,0,0,5,1,16.91398,10109,26.8016,88.0499
3498,5,10,0,0,25,-1,16.90533,2614,43.6128,-73.5977
6038,35,20,0,0,1,2,16.89741,2253,39.1652,-107.8476
2011,15,10,0,0,10,0,16.88781,5184,43.3321,-90.595
1201,15,80,2,0,50,0,16.85684,0,15.598,107.8584
1532,5,10,0,0,10,-1,16.85246,6767,36.127,-118.8093
1258,15,10,1,0,5,0,16.85103,1052,39.3138,-122.9465
2958,15,10,0,0,5,-1,16.84753,1639,-27.4839,152.6019
1867,35,10,0,0,10,0,16.83579,43500,-1.2,30.1333
4292,15,10,0,0,5,-1,16.22801,1295,46.1067,-115.9105
763,15,20,2,0,25,0,16.83517,22903,27.499,87.106
3996,15,10,0,0,50,1,16.83225,0,19.2078,98.7884
2061,15,10,3,0,10,0,16.81994,200000,28.1605,84.0907
4298,5,10,9,0,15,0,16.80154,1751,48.3288,-116.8642
2699,15,10,0,0,25,0,16.80028,0,18.4149,121.0495
2631,15,80,0,0,25,0,16.76907,0,18.4281,121.0642
1679,15,10,0,0,1,0,16.74423,100752,-22.9849,-43.697
2340,15,10,0,0,25,0,16.7411,7601,32.7029,75.9568
2143,15,10,1,0,0,0,16.73936,0,27.8878,98.8075
5254,5,10,0,0,5,0,16.73535,48347,35.5225,133.9654
4108,15,10,0,0,1,1,16.73194,15067,10.7901,-61.2984
6484,15,10,0,0,50,0,16.72605,0,26.6378,114.1384
4960,15,20,3,0,50,0,16.72038,44632,27.8196,85.2114
977,5,20,0,0,5,0,16.71965,15000,-29.954,30.866
1028,5,20,3,0,5,1,16.71728,0,7.2,126.046
870,5,10,0,0,50,0,16.71177,7121,27.4,92.35
5227,15,60,2,0,25,0,16.70601,48576,34.5184,131.8181
991,15,10,20,0,25,0,16.69403,19510,2.7325,102.0987
1943,5,10,0,0,1,-1,16.69286,7810,43.3755,-123.5176
4642,15,20,0,0,10,0,16.6914,0,33.908,73.9339
5149,15,40,0,0,5,0,16.68524,26550,-41.5561,174.1455
524,15,0,0,0,0,0,16.67868,0,-4.4032,136.0438
5956,15,0,16,0,5,0,16.67067,2575,19.3071,-155.1474
135,15,20,0,0,50,0,16.66361,0,25.1424,98.4802
1882,15,10,0,0,50,0,16.65656,2169,27.2922,89.4793
2067,35,10,32,0,25,0,16.65656,2169,27.2922,89.4793
701,15,10,0,0,50,0,16.64986,63569,22.8833,104.5333
4090,15,10,0,0,10,0,16.63897,2443,29.913,79.3532
2122,15,10,0,0,0,0,16.63269,0,21.6429,104.4591
835,35,50,0,0,10,0,16.62882,1144,45.5887,-122.0698
5825,15,10,0,2,5,0,16.60629,59851,-7.5411,110.4456
2148,15,10,1,0,25,0,16.5936,2860,28.4763,83.5309
4186,15,10,1,0,15,0,16.58849,0,-8.1272,115.3426
4489,15,10,0,0,10,0,16.22171,13209,9.8232,77.1498
5707,15,20,0,0,10,0,16.56792,8201,-19.6528,-40.8424
6296,5,90,1,5,25,-1,16.56025,14047,34.4989,73.0549
6553,15,60,4,0,10,0,16.55897,21867,28.0989,83.8734
974,15,10,0,0,5,0,16.55352,64409,5.031,115.0668
1188,5,10,0,0,5,0,16.55139,2369,56.5787,-132.5617
5334,15,10,0,0,10,0,16.53823,8341,32.3573,77.3052
706,15,20,12,0,50,0,16.52868,763088,25.08,75.72
6723,15,10,8,0,50,0,16.52573,570407,1.1188,110.2726
5183,15,10,0,0,1,0,16.52332,2000,30.3056,79.3286
5918,15,10,0,0,15,0,16.49282,3976,46.8332,-123.5888
1434,35,10,0,0,1,-1,16.48124,1424,33.8342,-111.4726
1891,5,10,0,0,1,-1,16.47911,872,35.7117,-82.8329
2023,15,10,0,0,10,0,16.4715,107157,27.822,84.4935
1322,15,10,2,0,5,0,16.44877,0,2.8,98.5333
3568,15,10,10,0,15,0,16.43713,1200,9.8721,76.7046
2106,15,10,0,0,15,0,16.42483,18742,26.8716,94.9921
1913,15,20,5,0,5,0,16.42107,21867,28.11,83.68
6809,5,30,2,0,5,-1,16.40897,1706,37.4233,-82.7058
6153,15,20,3,19,50,0,16.38392,0,31.5751,103.7281
3959,15,10,0,0,25,0,16.38336,11300,1.4394,34.3082
3349,15,10,0,0,10,0,16.38136,19294,6.009,116.5268
4086,15,10,0,0,1,0,16.34631,1296,56.228,-4.8572
4730,15,20,0,17,5,1,16.34404,12205,-2.9591,-79.6754
2486,5,10,0,0,5,0,16.3272,3400,54.8705,-8.121
1826,5,10,0,0,5,-1,16.31604,2237,37.0945,-83.1006
5049,15,10,0,0,5,0,16.30562,4351,31.5596,77.1679
718,15,10,0,0,50,0,16.29271,196731,18.09,102.516
6758,55,90,0,0,10,-1,16.28953,88760,24.3311,91.5642
2177,15,10,2,0,5,0,16.27872,23384,15.949,73.9667
2623,15,80,0,0,10,0,16.27122,0,16.9623,121.2711
5273,15,100,0,0,5,0,16.2695,34021,26.1807,94.5497
3705,15,10,0,0,50,-1,16.24953,0,31.5771,103.7368
838,15,10,0,0,25,0,16.24937,34877,9.519,-83.706
2391,15,10,0,0,15,0,16.2449,7725,30.8987,78.3399
2188,15,10,0,0,25,0,16.24383,10414,36.0636,74.2869
6132,15,80,0,4,15,0,16.22091,55011,35.5994,137.6087
636,15,0,0,0,0,0,16.21153,10612,40.31,47.56
5564,15,0,0,1,1,0,16.21071,2617,38.7205,-106.2342
5787,15,10,4,0,5,0,16.18707,1296,56.2266,-4.8567
4626,5,20,3,0,10,0,16.1776,1296,56.2265,-4.8568
5485,45,20,7,2,50,0,16.17081,1464,27.6047,88.6463
5929,5,60,1,0,1,1,16.16593,1296,56.2264,-4.8565
2321,5,80,0,0,1,0,16.16369,1099,17.2568,-96.0289
3933,15,0,0,0,5,-1,16.15929,75996,-40.3175,175.7944
1319,15,10,10,0,25,0,16.15374,31352,-7.571,109.9187
3073,15,10,0,0,0,0,16.14467,69816,2.3689,102.8213
1956,15,10,0,0,10,0,16.13996,12361,40.6553,-115.4195
1027,5,10,0,0,10,0,16.13337,5508,24.3083,91.7333
5177,15,10,0,0,5,0,16.1223,2571,30.2902,79.151
569,35,20,6,0,15,-1,16.12044,2680,-26.8494,152.8915
269,15,20,3,0,50,0,16.10912,1147,27.2872,88.2816
6044,15,20,15,0,10,0,16.04816,8982,6.6206,80.1721
1125,15,20,0,0,25,0,16.04466,30700,27.3746,88.7648
4911,15,10,5,0,10,0,16.03029,23296,28.3952,83.5043
807,15,10,0,0,50,0,16.03004,0,31.8,104.5
812,15,10,10,0,50,0,16.03004,0,31.8,104.5
140,15,20,5,0,5,-1,16.00699,1235,20.6479,-156.0898
5989,15,60,0,0,5,1,15.98439,0,37.9107,69.0971
4863,15,10,0,0,50,0,15.98301,2355,36.6195,-83.9526
3123,15,10,4,0,0,0,15.97708,0,-14.0731,-72.9562
338,15,80,0,0,50,0,15.95575,0,15.5946,107.966
5634,15,80,0,0,0,1,15.95453,0,14.9489,108.3564
3973,15,0,0,0,15,0,15.94177,138622,22.3405,103.9989
4990,15,10,0,0,1,0,15.93151,30700,27.3765,88.7628
4297,5,10,0,0,10,0,15.92736,1137,48.3815,-116.3517
1180,5,10,0,0,5,-1,15.92157,3410,34.6768,-83.9076
3067,15,80,1,0,10,0,15.90056,1662,-35.5035,173.9379
4295,5,10,0,0,5,0,15.88964,7365,48.1411,-116.4853
2977,15,10,0,0,5,0,15.68474,153361,-22.2833,-42.6833
5356,15,10,0,0,1,0,15.87963,1021,64.0056,-149.1201
5554,45,10,0,0,0,0,15.8792,26293,21.6989,74.172
1890,5,10,4,0,5,0,15.8566,16597,23.1297,120.6161
69,5,20,13,0,0,0,15.84683,0,35.625,65.7424
5289,15,90,0,0,15,0,15.84448,23296,28.2826,83.7508
2771,5,10,0,0,50,0,15.84114,191903,10.6144,-66.5806
5642,45,10,2,0,25,0,15.83295,0,14.9847,108.3348
6329,15,20,0,0,5,-1,15.82406,1296,56.2238,-4.847
3360,15,10,5,0,5,1,15.82404,35302,5.0343,-75.3723
4567,15,10,0,0,15,0,15.82087,0,35.4453,73.9342
6761,5,20,5,0,5,-1,15.81563,9813,49.4635,-117.4965
2559,15,10,2,0,5,0,15.79596,40557,20.8482,92.4524
2748,15,10,8,0,10,0,15.78583,25775,6.9025,80.9083
3440,5,60,9,0,1,0,15.7657,1745,36.8755,-83.1497
1738,15,20,0,0,15,1,15.7522,0,29.5248,103.3545
2514,5,80,0,0,5,0,15.74984,1813,17.0977,-96.0625
4450,15,20,0,0,15,0,15.65712,2450,40.6862,-105.3054
5685,15,10,0,0,5,-1,15.65702,19012,-29.4478,-51.346
2687,15,80,0,0,25,0,15.64997,34877,9.3084,-83.8312
3088,5,10,0,0,15,0,15.59798,14047,34.5677,73.1543
5425,45,80,5,2,1,0,15.59252,397515,25.1193,121.8962
1899,5,10,0,0,1,0,15.58422,40557,20.8486,92.4504
723,15,100,0,0,50,0,15.57684,63770,10.578,105.574
1175,15,10,36,0,5,0,15.5703,22903,27.425,87.0569
1218,5,10,0,0,50,0,15.56759,0,-5.516,104.7608
1970,15,10,0,0,5,0,15.56595,19599,23.8393,120.8671
4164,15,20,46,0,10,-1,15.56266,1035,37.7289,-119.7538
2655,15,10,0,0,5,0,15.55958,2003,38.6627,48.6376
4747,15,20,0,0,50,1,15.55859,27814,-7.2337,109.0605
5365,25,10,0,0,0,0,15.54936,17123,30.6293,78.3303
4974,15,20,3,0,25,0,15.53708,2571,30.4091,79.0579
2975,15,10,0,0,5,0,15.52322,15601,-22.1546,-42.4268
3306,45,10,0,0,5,-1,15.52102,1305,38.81,-123.5857
6370,15,20,0,0,15,0,15.52021,28197,33.798,74.2562
1810,15,10,0,0,10,0,15.51031,34681,35.7322,-87.1288
6199,15,10,0,0,5,1,15.50864,39058,27.9911,82.3018
1105,15,0,0,0,1,-1,15.49105,31577,36.89,-87.6597
4704,15,20,0,0,5,0,15.47106,77366,-18.0208,178.515
1219,15,10,0,0,25,0,15.46497,0,-5.4721,104.4842
2879,15,10,8,0,10,0,15.45214,63522,33.3379,-117.4843
1377,5,10,0,0,1,0,15.45144,454849,-22.9428,-43.3581
3010,15,10,1,0,15,-1,15.4454,1347,48.1173,-121.579
4332,15,10,5,0,5,0,15.42607,130337,1.7519,-75.5829
5184,15,10,0,0,1,0,15.4227,7725,30.9058,78.0906
1022,15,10,0,0,5,-1,15.41975,777,37.4514,-82.8836
5501,15,20,14,0,50,2,15.39663,97385,40.1192,-105.3896
6515,15,60,6,0,50,0,15.38991,5427,28.3685,82.3731
2710,15,10,6,0,50,1,15.36764,94066,13.3111,109.2154
2708,15,10,1,0,5,0,15.35403,94066,13.3114,109.2094
1888,15,10,0,0,25,0,15.35373,19599,23.6679,120.8766
2187,15,10,0,0,10,0,14.33834,2860,28.54,83.62
4722,15,20,0,0,0,0,15.34339,0,27.5862,104.8613
4741,15,20,0,0,0,0,15.34339,0,27.5862,104.8613
4284,15,20,59,0,5,-1,15.33523,3142,46.4768,-116.4548
4056,15,10,0,0,10,0,15.31595,7514,-3.6404,37.66
1820,5,10,0,0,10,-1,15.29574,3191,37.7939,-82.3635
3918,5,10,0,0,10,0,15.29399,2324,27.6674,86.7174
1150,15,80,0,0,50,0,15.29236,5034,15.2662,120.2051
3114,15,30,0,0,5,0,15.28833,20553,33.1804,75.8101
4254,15,20,0,0,5,-1,15.27756,1045,43.8406,-122.627
3821,15,20,0,0,15,0,15.271,32442,29.7334,79.6367
5182,15,10,0,0,5,0,15.26892,2000,30.301,79.3628
3316,5,110,0,0,5,1,15.26492,0,8.2922,98.9153
5460,5,20,0,0,15,0,15.26312,1191,46.8189,-120.8603
5285,15,100,0,1,10,0,15.26259,47571,29.5659,80.3657
2094,15,10,13,0,25,1,15.23081,0,32.1632,108.8829
3520,35,10,6,1,5,1,15.19624,69302,3.1477,101.8258
3552,15,80,14,0,0,-1,15.19168,16497,39.407,141.7315
2589,5,10,2,0,5,0,15.19085,0,12.1143,102.2681
629,25,10,0,0,25,0,15.17455,13753,35.46,-105.19
3093,15,10,11,0,15,0,15.16843,25247,34.0347,73.3334
4695,15,20,0,0,5,1,15.16557,9152,1.0835,35.4707
5128,15,10,0,10,5,0,15.16116,130337,1.7417,-75.6568
5386,5,10,0,0,10,0,15.15678,1073,1.1971,35.2843
6280,15,0,0,0,5,0,15.15052,4000,27.8519,85.5248
1011,5,20,108,0,1,-1,15.14802,97385,40.1162,-105.3896
493,15,20,0,0,0,0,15.11717,0,34.6861,73.1879
4927,15,20,0,0,15,0,15.11456,21787,30.5728,77.6521
2459,15,10,0,0,50,0,15.11187,19873,29.5477,79.3211
442,15,20,2,0,10,0,15.11002,272691,-22.3758,-43.1314
3004,15,10,12,0,10,-1,15.10993,2033,44.2933,-124.0326
3305,15,10,0,0,0,0,15.08609,0,9.0103,99.0886
2901,15,10,0,0,15,0,15.07941,94066,13.3137,109.2164
1672,15,10,0,0,0,0,15.07609,6023699,-23.0145,-43.2915
3631,5,20,0,0,5,-1,15.07572,4488,47.7851,-114.0149
525,35,20,0,0,50,0,15.07199,25636,37.2199,69.7078
536,5,40,0,0,10,1,15.05984,0,31.0667,103.4833
811,35,10,1,0,50,0,15.05984,0,31.0667,103.4833
3472,15,20,0,0,10,0,15.05161,1355,10.1118,-83.9793
5110,5,10,0,0,5,0,15.04331,1320,37.9935,-108.0086
2049,15,10,6,0,50,0,15.03698,1495,31.5041,77.9521
5200,15,10,1,0,5,0,15.03611,98238,11.3192,76.5959
3370,5,10,0,0,5,-1,15.03444,823,39.0315,-81.5639
1227,15,10,0,0,10,0,15.02765,23296,28.1778,83.7
380,5,20,0,0,50,0,15.01823,9834,47.3434,-123.1628
6447,5,20,0,0,50,0,15.01277,3269,38.5313,-118.4526
3021,5,10,0,0,5,0,14.99911,145987,43.6626,-116.0303
5278,5,100,0,0,1,0,14.99263,25436,10.0539,76.8298
324,15,20,0,0,15,0,14.97909,778396,11.7792,78.2034
6587,15,60,0,0,15,0,14.97856,9383,-6.1014,145.0722
6437,5,10,4,0,5,0,14.97069,58448,-6.9343,110.1969
5277,5,100,0,0,1,-1,14.96174,25436,10.0539,76.8294
5657,15,0,0,0,25,0,14.92723,0,14.9627,108.3574
3773,15,10,1,0,50,0,14.92055,23296,28.178,83.6987
2040,15,10,0,0,25,0,14.91461,17123,30.638,78.3297
1490,5,20,0,0,10,-1,14.90347,4058,36.3141,-85.1808
4621,15,20,13,0,5,0,14.87911,88965,-6.8349,106.659
175,5,20,0,0,25,0,14.87649,22507,0.5,34.85
6799,15,30,13,0,15,0,14.87282,0,35.7275,71.7095
6330,15,20,2,0,1,-1,14.85816,23296,28.2724,83.7412
4910,15,10,14,0,15,0,14.83917,23296,28.376,83.4946
4439,15,10,0,0,1,0,14.83236,38113,32.6635,130.2964
2598,45,10,0,0,5,0,14.81614,1355,10.1067,-83.9753
3750,15,10,0,0,50,0,14.8033,17123,30.7652,78.5925
2956,5,10,0,0,10,0,14.79571,131258,-27.4601,152.0525
3770,15,10,0,0,0,0,14.78906,30902,39.935,125.4071
2065,35,10,0,0,10,0,14.77042,1041,42.7167,-77.5191
3592,5,10,0,0,0,0,14.76749,2278,60.5805,8.8143
2594,15,10,66,0,25,0,14.73478,20553,33.1847,75.8062
5016,15,40,0,0,50,1,14.72493,0,4.7735,96.9967
5598,15,10,1,0,5,0,14.72369,8341,32.3665,77.0857
5080,5,10,5,0,10,0,14.72352,2450,40.6893,-105.291
3527,35,10,0,0,5,-1,14.71664,3112,38.2717,-112.473
2447,15,10,1,0,25,0,14.71484,84775,27.509,85.1505
4694,15,20,0,0,5,1,14.70721,24661,0.4695,35.6128
6391,15,60,0,0,10,0,14.7015,0,1.9345,99.5577
262,15,20,0,0,25,0,14.70039,2828,11.0333,122.2
1881,15,60,0,0,5,0,14.69432,10442,-45.0775,168.4885
1082,5,80,2,0,25,1,14.68538,0,23.1749,120.2974
624,15,10,4,0,15,1,14.68259,0,31.07,103.49
3110,15,60,2,0,10,0,14.68068,47587,6.9315,81.1752
2046,15,10,4,0,15,0,14.66456,8341,32.3733,77.2498
1445,5,10,1,0,25,0,14.65272,2000,-13.2122,-72.3902
318,15,0,2,0,0,0,14.65105,39335,22.894,91.5327
2739,15,10,0,0,0,0,14.62503,2702,7.6213,-72.9303
5548,15,80,0,0,1,0,14.61501,109584,22.6923,121.0212
1862,15,10,0,0,10,0,14.61124,14000,-0.7888,29.8214
2622,15,80,31,0,50,0,14.59782,6168,16.9648,121.2184
4743,15,20,2,0,5,1,14.59203,33200,22.6205,91.6591
5553,5,10,20,0,10,0,14.58717,4020,43.618,40.0443
4929,15,20,19,0,50,0,14.58545,27611,30.4954,78.3881
3083,5,10,2,0,15,0,14.58494,47587,6.9554,80.9282
1599,5,10,0,0,1,-1,14.56419,3944,35.6024,-83.426
1854,5,10,0,0,1,0,14.55886,1067,45.8043,-72.9643
851,15,10,0,0,50,0,14.55771,0,16.5489,107.2327
1343,5,10,0,0,5,-1,14.55128,6441,48.6041,-122.4294
4346,15,10,7,0,10,1,14.54271,2514,42.9744,-124.01
1627,5,10,0,0,15,0,14.50668,31202,-22.6567,-43.0398
1589,15,10,0,0,50,0,14.50432,0,-0.6409,100.4419
6446,5,20,0,0,5,-1,14.50415,5236,38.4316,-106.1009
3034,15,20,0,0,15,0,14.49731,2499,62.185,6.856
826,15,10,6,0,50,0,14.49301,5182,12.12,-85.89
5776,15,80,0,0,30,1,14.4906,2128,8.3886,123.1689
6009,15,60,3,0,1,0,14.473,0,37.0133,70.3589
1615,15,10,0,0,10,0,14.47106,92990,-7.2809,110.0069
1791,15,10,0,0,5,0,14.47008,111701,7.4239,80.6104
2949,25,100,0,0,5,0,14.47008,111701,7.4239,80.6104
1698,15,10,0,0,1,0,14.45301,6023699,-23.0099,-43.288
2752,15,10,1,0,5,0,14.44838,111701,7.4237,80.6104
3036,35,20,0,0,1,0,14.43888,715,58.5909,6.3231
908,25,20,0,0,5,0,14.4377,9277,33.3,-116.9135
2537,15,20,0,0,0,0,14.42796,37681,12.9711,76.2728
3005,15,10,0,0,5,0,14.42496,1777,45.7157,-123.2373
1417,15,10,0,0,5,0,14.41872,92990,-7.2337,109.9349
3338,15,10,0,0,15,0,14.41242,2776168,-8.8961,13.351
3478,5,10,3,0,10,-1,14.40898,1928,43.5411,-111.2683
5569,45,0,3,0,25,0,14.39122,77000,49.1758,-122.1494
3344,5,10,0,0,1,0,14.38849,3142,46.5951,-116.1712
2432,15,10,0,0,50,0,14.36782,1495,31.4135,77.895
4291,15,10,3,0,5,-1,14.35006,2436,41.88,-124.1308
4599,15,80,0,0,25,0,14.34429,1213,44.1009,-71.6322
850,15,20,3,0,10,0,14.33902,0,16.2,108.133
6109,5,20,15,0,5,-1,14.33305,1325,43.7638,-91.9607
3018,5,10,3,0,1,0,14.32586,145987,43.6361,-116.0287
592,15,20,0,0,25,0,14.31619,8341,32.3712,77.2466
5269,15,60,0,0,0,0,14.31476,29499,25.8376,94.5234
2215,15,10,1,0,25,0,14.30557,8341,32.371,77.2468
3611,15,10,0,0,5,0,14.28688,8341,32.3709,77.2466
3722,15,20,0,0,0,0,14.28266,0,10.3606,-67.3097
4480,15,10,0,0,1,0,14.26241,37543,10.0011,76.7416
767,15,20,0,0,10,0,14.22899,0,28.089,84.4125
2640,5,10,0,0,25,0,14.17844,4374,-17.0661,145.6937
2870,15,10,1,0,1,0,14.17422,3600,40.7659,-123.1034
6248,15,70,0,0,10,0,14.17241,2644,53.0532,-8.6064
3259,45,10,0,0,5,-1,14.16332,21723,34.0884,-119.0592
4402,5,10,0,0,10,1,14.16321,86406,23.8396,120.9876
4995,15,20,0,0,1,0,14.15117,13500,19.3074,101.8343
5324,15,10,0,0,1,0,14.15117,13500,19.3074,101.8343
2496,15,10,8,0,10,0,14.14984,7871900,25.1701,121.5722
6552,15,0,0,3,5,0,13.82899,1495,31.5593,77.9277
6407,55,20,0,0,10,-1,14.14132,21723,34.0869,-119.0604
1493,15,10,3,0,50,0,14.12512,601600,33.8147,72.9394
5680,5,10,0,0,1,0,14.11991,1090,37.4633,-81.8206
4505,15,10,3,0,5,0,14.11697,22903,27.404,87.065
3575,15,10,0,0,5,-1,14.1126,19151,4.6967,114.7247
2751,15,10,0,0,5,0,14.07693,111701,7.4227,80.6309
2394,15,10,0,0,5,-1,14.07246,1586,52.9892,-6.4173
4,15,20,0,0,10,0,14.05144,11555,-22.0452,-42.6734
5538,15,10,0,0,1,0,14.04274,1252,17.225,-98.5
4610,15,10,0,0,5,0,14.01872,5760,23.7705,92.5217
2872,5,10,0,0,10,-1,14.00317,3249,34.0712,-119.0125
1580,15,10,0,0,5,0,13.98369,77758,-6.7234,107.1756
2261,15,10,0,0,10,0,13.98232,43000,26.9435,88.4445
6339,15,10,0,0,5,0,13.97695,28197,33.5405,74.3723
4923,5,10,9,0,5,0,13.94531,7485,-41.0079,173.0089
5435,5,10,0,0,15,0,13.94274,2129,39.4402,-111.0337
1963,15,10,0,0,10,0,13.93339,43000,26.944,88.4441
5518,5,10,1,0,1,0,13.92607,485,43.7553,-115.975
5519,5,10,2,0,1,0,13.92607,485,43.7553,-115.975
6233,15,30,0,0,1,1,13.92246,3394,41.3971,-122.1911
2079,5,10,0,0,10,0,13.91871,70339,33.4942,130.3342
2134,15,10,0,0,25,0,13.91342,13121,16.9473,73.4551
2145,15,10,3,0,15,0,13.91342,13121,16.9473,73.4551
932,5,20,43,0,10,-1,13.9106,3249,34.0814,-119.0308
6494,25,20,0,0,25,-1,13.90778,3249,34.0615,-118.9774
3937,15,10,0,0,25,0,13.90595,23296,28.1901,83.6972
4833,15,20,0,0,5,0,13.90279,4721,6.8196,80.8448
3577,15,10,0,0,50,0,13.89592,2000,30.5319,79.3541
5354,15,80,0,0,10,0,13.89297,20636,42.0252,42.1061
6408,5,10,0,0,5,0,13.86433,3249,34.0666,-118.9962
711,5,20,0,0,5,-1,13.86243,14769,14.229,74.8122
5165,15,10,0,0,5,1,13.86233,21867,27.9687,83.9066
4717,15,20,6,0,10,0,13.86023,2138,35.5898,-83.373
475,15,20,8,2,25,0,12.67187,0,27.1936,99.4527
6210,5,100,5,0,50,0,13.82597,16586,7.8726,99.7283
4926,15,20,2,0,25,0,13.82422,27544,30.6738,77.3544
5099,15,20,0,0,25,0,13.82422,27544,30.6738,77.3544
5274,15,20,0,0,15,0,13.81486,29499,26.0838,94.564
91,5,10,9,0,0,0,13.80524,0,23.641,108.281
4309,35,0,0,0,25,0,13.79568,852,27.256,90.5257
4957,15,20,0,0,5,0,13.78928,5427,28.2265,82.553
6792,5,90,0,0,5,0,13.78623,39218,25.1472,91.7483
6554,15,60,1,0,5,0,13.77594,23296,28.2322,83.7228
4721,5,20,0,0,5,0,13.77073,2355,36.5539,-83.9789
2731,15,10,0,0,0,0,13.76047,0,15.608,107.9887
4374,15,10,0,0,5,1,13.759,15067,10.7692,-61.4078
5127,15,20,0,0,5,0,13.74294,5858,40.3364,-105.6744
3591,5,10,0,0,50,0,13.7408,1167,60.548,6.0575
4955,15,20,0,0,5,0,13.72992,21867,27.8595,83.7711
3136,25,10,0,0,10,-1,13.70734,8879,34.2896,-117.4787
1148,15,10,4,0,0,0,13.70623,44359,-26.9286,-49.3653
1727,15,10,1,0,1,0,12.6705,6023699,-22.945,-43.3223
1772,15,10,0,0,1,-1,13.70425,2369,36.9604,-119.4511
5744,15,0,0,0,5,0,13.70206,1424,35.3991,-83.5909
2813,15,10,0,0,1,0,13.67355,32272,48.8399,-123.4997
2334,15,10,0,0,5,0,13.67297,21867,28.0401,83.8901
3190,5,10,0,0,5,-1,13.6612,1836,41.5474,-76.1099
2395,15,10,5,0,5,0,13.66022,1756,53.0055,-6.4318
6439,15,20,0,0,25,0,13.65544,92990,-7.3196,109.7856
2653,15,10,0,0,25,0,13.64517,0,-0.3203,30.4192
257,15,20,14,0,25,1,13.63939,0,27.2667,85.9667
1144,15,10,0,0,10,0,13.62589,15000,-33.35,-70.5167
193,35,20,0,0,5,0,13.62525,51320,43.6796,-91.2194
4002,15,10,0,0,5,1,13.62496,94188,24.634,121.7541
4172,15,10,0,0,5,0,13.62463,1190,-28.5358,153.3923
4848,15,20,0,0,5,0,13.61141,20046,24.0896,91.4663
3198,15,10,0,0,5,0,13.60254,2681,36.8693,-80.6597
1147,15,10,0,0,5,0,13.6015,1296,56.1956,-4.7485
3029,5,10,0,0,5,0,13.59298,4935,45.4842,-123.6748
1245,15,80,0,0,5,0,13.58881,2195,17.5632,121.218
6084,15,20,0,0,5,0,13.58691,37543,9.9983,76.7329
5556,15,70,0,0,25,-1,13.56506,228212,4.3036,113.9573
3485,15,20,0,0,0,0,13.5646,0,35.3143,74.1937
2380,15,10,0,0,5,0,13.5594,2571,30.4008,79.0278
5247,15,0,0,0,15,0,13.53996,25500,37.6177,138.754
3033,15,20,8,0,0,0,13.53638,459,60.3751,6.477
4239,5,20,0,0,5,-1,13.52866,1256,38.045,-82.1423
3905,15,20,0,0,50,0,13.5202,4734,30.2828,78.3041
3453,15,10,41,0,25,0,13.51543,0,-2.7571,121.0874
3420,15,10,14,0,1,-1,13.50916,61696,-39.6412,177.0065
5894,45,0,0,0,5,1,13.50895,405,44.1867,7.1583
5082,15,20,0,0,0,0,13.50122,0,34.3887,106.922
2689,15,80,0,0,15,0,13.48919,3734,9.6341,-84.3662
3441,15,10,0,0,5,0,13.48426,2184,36.9118,-92.0833
4287,15,20,0,0,5,-1,13.48091,1133,42.6439,-124.4077
2186,5,20,7,0,5,-1,13.47828,1344,39.9243,-111.5443
2528,5,10,0,0,0,0,12.13199,442156,18.4468,-72.4577
1818,5,10,56,0,1,-1,13.47073,3459,37.9065,-82.907
6804,15,0,0,2,50,0,13.4555,3278,33.3376,75.1922
2130,15,10,0,0,25,0,13.45203,0,35.1719,106.5255
4952,15,20,19,2,0,1,13.44292,0,28.4513,82.2801
1010,5,10,0,0,1,-1,13.41471,1463,37.9137,-79.4305
6033,15,20,0,3,15,-1,13.4138,6774,7.9978,122.8157
4390,15,10,3,0,10,1,13.41369,86406,23.8466,120.9889
696,35,80,47,0,50,0,13.40609,0,22.2666,104.07
3167,15,10,0,0,50,0,13.40535,1283,7.5955,-80.38
198,15,80,0,0,0,0,13.39817,2006,15.6046,-90.0853
6366,45,0,0,0,5,-1,13.39445,2695,45.2004,-122.2189
3862,15,20,0,0,0,0,13.38568,0,-0.5713,101.3782
2009,15,10,0,0,25,0,13.37783,3834,42.7845,26.945
2230,5,20,1,0,1,-1,13.35752,8227,46.6637,-111.7619
5842,5,0,1,0,20,0,13.34216,3255,37.5455,-82.7779
4083,5,10,0,0,5,-1,13.34116,35000,10.5133,-61.2714
3171,15,10,1,0,15,0,13.33019,20553,33.2257,75.6695
6004,5,20,0,0,5,-1,13.32465,3255,37.5457,-82.7778
5653,5,0,0,0,1,0,13.31637,1638,38.1077,-81.4493
768,15,10,3,0,50,1,13.31591,22903,27.4385,87.0898
4945,15,10,9,0,50,0,13.31496,18317,29.722,80.5118
2804,15,10,0,0,5,-1,13.31419,6441,48.6223,-122.4446
2247,15,10,0,0,10,0,13.31188,33748,26.148,94.8422
1505,15,10,0,0,10,0,13.31157,215803,-6.6279,107.3461
2381,15,10,0,0,5,0,13.30662,1100,-36.8415,147.2468
4561,15,10,0,0,5,0,13.30452,44632,27.5684,85.2254
4997,15,10,23,0,1,0,13.29812,5427,28.3536,82.3997
1381,15,10,0,0,10,2,13.29411,153635,-23.1077,-44.248
1542,15,10,0,0,25,0,13.27948,12400,-1.1667,29.6667
404,15,20,14,0,25,-1,13.27727,30097,4.6401,114.4396
2128,15,80,0,0,25,0,13.272,0,22.6966,104.5595
6225,5,10,20,0,25,0,13.26792,1242,33.0677,75.1466
5906,5,10,0,0,20,1,13.2554,1027,34.6218,-118.5585
5209,15,20,0,0,25,0,13.25369,17123,30.6539,78.3366
2245,15,10,0,0,5,0,13.25355,0,31.0176,103.4846
3399,15,10,4,0,50,0,13.24907,25775,7.0808,80.7354
3712,15,10,6,0,0,0,13.24717,91733,27.7394,83.5754
6361,15,20,3,0,0,0,13.24191,6755,34.1093,73.9067
3688,15,20,0,0,0,0,13.24144,91733,27.7395,83.5753
4339,5,10,0,0,50,0,13.21872,1191,46.79,-120.8718
6674,45,0,0,0,25,-1,13.21139,276964,-2.847,-79.1108
2112,15,10,0,0,0,0,13.20788,1464,27.5509,88.6475
2129,15,10,0,0,0,0,13.19779,138622,22.2931,103.9618
5163,15,10,2,0,5,0,13.19266,21867,27.9196,83.8799
5207,15,10,2,0,0,2,13.18091,0,34.6987,105.7155
651,15,10,0,0,50,0,13.1795,0,0.4,124.1
6774,15,30,0,0,25,0,13.17524,7393,41.8601,24.4277
5070,5,20,1,0,5,0,13.17259,2193,37.9532,-104.9848
5302,15,10,0,0,5,0,13.17179,23296,28.3742,83.5214
5191,5,10,0,0,5,-1,13.16549,2450,40.6937,-105.2659
4252,15,0,0,0,5,0,13.157,2020,36.4174,-84.283
5272,15,100,6,0,1,0,13.15534,34021,26.2083,94.5438
2730,15,10,0,0,25,0,13.14788,0,15.1029,108.5747
3175,5,10,3,0,1,0,13.11943,1241,36.0378,-81.5949
2027,15,10,0,0,5,-1,13.11084,2617,38.7275,-106.167
331,25,20,0,0,10,0,13.10709,1296,56.1997,-4.823
1420,15,10,0,0,0,0,13.09763,30481,-17.9642,-65.4614
3377,15,10,0,0,0,1,13.08864,22871,-7.7819,112.3245
1640,15,10,1,0,1,0,13.07783,0,-22.9012,-42.9548
5101,15,20,0,0,50,0,13.07032,39058,28.0583,82.402
4564,15,10,3,0,15,0,13.06348,29691,35.9196,128.2829
3233,15,20,17,0,50,0,13.05933,2151,45.7413,-123.1988
2074,15,10,0,0,15,0,13.05683,0,28.2929,82.2617
1567,5,10,8,0,5,-1,13.05284,6397,38.9632,-82.7353
4044,15,10,0,0,50,2,13.05015,1873,1.8509,34.8863
4799,15,20,0,0,5,0,13.04676,4319,-0.8012,36.9613
2469,15,10,0,0,25,0,13.04565,1701,30.9009,77.4668
2407,15,40,0,0,10,0,13.03586,2172,-42.4635,173.5421
4455,15,10,0,0,1,0,13.02782,1794,39.3745,-106.3146
788,15,10,0,0,10,0,13.0277,44632,27.7167,85.15
6430,5,10,10,0,5,0,13.02571,51367,34.0873,-116.9176
1083,5,80,1,0,25,1,13.0254,0,23.4575,120.5742
3609,15,10,0,0,0,0,13.02514,31735,14.0354,74.6624
5476,15,20,0,0,25,0,13.01721,30700,27.3736,88.7323
1283,5,20,0,0,1,0,13.01275,120447,3.2711,101.6826
2626,15,80,0,0,25,0,13.01191,2195,17.5541,121.2368
714,15,20,1,0,50,0,13.00939,59841,27.163,94
3406,5,10,10,0,1,0,12.99718,4582,39.1653,-82.8435
1441,5,10,0,0,1,-1,12.98377,2633,34.1933,-112.1327
5006,15,10,5,0,1,0,12.97304,54010,26.1147,94.3864
2392,15,10,0,0,10,0,12.9691,30700,27.3702,88.7334
5360,15,20,0,0,5,0,12.96409,2000,30.3642,79.3158
1439,5,10,6,0,1,-1,12.95887,1128,33.4685,-117.001
5498,25,10,1,0,25,0,12.9509,1470,39.2751,-111.1903
6121,15,10,0,2,50,0,12.94968,0,-3.814,136.3632
5809,15,30,3,0,5,0,12.93852,7860,51.571,-4.2883
4491,5,10,0,0,5,0,12.93443,51367,34.0884,-116.9194
1385,15,10,0,0,50,0,12.93346,0,10.1,125.6
2455,15,10,0,0,10,0,12.91945,66390,30.1035,78.4265
6798,15,30,0,0,10,0,12.91922,0,35.7497,71.7059
2196,5,10,49,0,5,0,12.91655,200000,28.2598,84.0999
194,5,20,0,0,5,0,12.91337,51320,43.689,-91.2806
228,5,20,0,0,1,0,12.89915,1788,35.7297,-106.713
1864,15,10,0,0,1,0,12.89838,2005,36.3085,74.8219
350,15,20,0,0,50,0,12.89825,0,35.978,103.685
1722,15,10,1,0,1,0,12.88639,6023699,-23.0011,-43.2747
4837,15,20,0,0,5,0,12.88531,18228,35.9974,-81.6384
5495,5,10,2,0,5,0,12.88203,0,8.6771,98.2938
4977,15,20,5,0,15,0,12.86889,5911,43.1674,-91.1351
839,15,10,5,0,25,0,12.85801,8292,9.764,-84.397
1717,15,10,1,0,1,-1,12.85487,6023699,-22.9824,-43.2987
6616,15,20,0,0,5,0,12.83949,7000,4.5791,101.3882
3380,15,10,0,0,15,0,12.82235,16246,33.5808,74.9035
3270,15,10,0,0,1,0,12.82232,8618,38.917,-123.0556
3436,15,10,0,0,10,-1,12.81745,1750,36.1638,-87.5085
5735,15,0,0,0,5,-1,12.7902,2406,37.4204,-81.4409
4259,15,20,0,0,15,0,12.78747,914,62.9218,10.1464
2980,15,10,3,0,10,0,12.77894,153361,-22.2492,-42.65
6605,15,10,0,0,5,0,12.77291,47587,6.8745,81.0455
2398,5,10,0,0,5,0,12.77279,107157,27.7884,84.4866
1593,5,10,0,0,50,1,12.77276,83623,-1.6985,29.3711
6820,5,10,0,0,1,0,12.77232,1745,36.862,-83.1806
3375,15,10,8,0,0,0,12.76917,20553,33.2599,75.8886
120,15,20,1,0,50,0,12.76242,0,7.8098,125.4498
1318,15,10,0,0,15,0,12.75962,186099,-7.7434,111.5441
4026,15,10,0,0,5,0,12.72921,1965,52.1582,-10.4527
5692,55,10,0,0,25,-1,12.68853,54846,-22.8267,-43.6221
686,5,20,0,0,10,-1,12.68493,1788,35.7279,-106.715
2235,15,10,0,0,50,1,12.6827,0,35.3599,73.9791
5687,15,10,0,0,50,0,12.64838,0,16.0309,121.9912
6312,45,80,0,0,25,0,12.64492,798634,10.4203,123.8418
3951,15,10,1,3,1,0,12.63909,12691836,18.9774,72.8102
4738,15,10,0,0,5,2,12.63831,0,27.344,104.8805
510,15,80,0,0,50,0,12.63751,8982,6.7397,80.1744
144,15,10,9,0,0,0,12.63607,0,0.777,120.413
4088,5,10,0,0,10,0,12.61362,1310,7.2022,-72.9835
4369,15,10,4,0,1,0,12.61073,15027,43.1226,23.1253
3893,15,10,0,0,5,0,12.60119,15315,15.7067,73.9551
6273,5,10,1,0,25,1,12.59216,1143841,34.4955,132.5259
5694,5,50,2,0,1,0,12.58944,2075,47.8031,-121.549
2825,5,10,1,0,25,0,12.55696,3931,47.4348,-122.9922
5773,15,80,0,0,5,1,12.55629,2600,10.0692,125.6036
199,15,80,0,0,0,0,12.55184,18994,15.5163,-88.9286
298,15,10,0,0,25,1,12.54759,0,32.4167,104.95
5065,15,10,0,0,0,0,12.54362,0,31.5785,104.3531
578,15,20,0,0,15,0,12.54307,152200,10.7069,106.7361
1647,15,10,0,0,1,0,9.33158,6023699,-22.8222,-43.1809
417,15,20,0,0,15,0,12.53758,1376457,32.5755,-116.9016
3388,15,10,0,0,1,-1,12.53751,3925,38.5293,-84.599
3784,25,20,6,0,25,0,12.52763,14797,31.3456,-110.2541
1158,15,10,0,0,5,0,12.52735,23416,29.3083,81.057
1788,15,10,0,0,15,0,12.51995,4567,38.4886,48.6744
1945,15,10,0,0,5,0,12.51795,236563,48.6257,21.3636
2542,15,10,0,0,10,1,12.51692,0,-2.7414,134.5427
1352,15,10,0,0,1,0,12.49996,3441,-36.5115,174.6865
918,15,60,0,0,10,0,12.48939,2196,12.1969,124.5528
4515,15,10,0,0,5,0,12.48798,2865,30.7395,77.2847
1342,15,10,1,0,10,0,12.48414,33317,1.2449,125.0069
2393,15,10,3,0,5,0,12.48367,21867,27.9333,83.653
1351,15,10,0,0,1,0,12.48082,3441,-36.5119,174.6807
1350,15,10,1,0,5,0,12.47773,3441,-36.5124,174.6706
4868,15,20,5,0,5,0,12.44051,2536,34.3426,-84.0226
4099,15,10,2,0,1,0,12.42773,49168,-39.1144,173.9534
6316,15,80,0,1,50,0,12.425,0,21.8689,106.9004
5757,5,0,0,0,10,1,12.42121,2075,47.8039,-121.5509
1356,35,20,0,0,5,-1,12.4035,10917,34.2716,-118.0282
4305,15,10,0,0,15,0,12.40168,77758,-6.8122,107.1453
3013,45,10,0,0,5,-1,12.38884,14095,45.5844,-122.1947
3400,15,10,0,0,15,0,12.38759,24730,7.088,80.6517
716,5,20,0,0,25,0,12.37507,107157,27.795,84.432
4842,5,20,0,0,25,0,12.36833,1732,36.731,-83.5619